[2026-04-19 10:43:41] local.ERROR: SQLSTATE[HY000] [2002] No connection could be made because the target machine actively refused it (Connection: mysql, SQL: select exists (select 1 from information_schema.tables where table_schema = 'laravel' and table_name = 'migrations' and table_type in ('BASE TABLE', 'SYSTEM VERSIONED')) as `exists`) {"exception":"[object] (Illuminate\\Database\\QueryException(code: 2002): SQLSTATE[HY000] [2002] No connection could be made because the target machine actively refused it (Connection: mysql, SQL: select exists (select 1 from information_schema.tables where table_schema = 'laravel' and table_name = 'migrations' and table_type in ('BASE TABLE', 'SYSTEM VERSIONED')) as `exists`) at D:\\laravel\\School Managment System\\vendor\\laravel\\framework\\src\\Illuminate\\Database\\Connection.php:825)
[stacktrace]
#0 D:\\laravel\\School Managment System\\vendor\\laravel\\framework\\src\\Illuminate\\Database\\Connection.php(979): Illuminate\\Database\\Connection->runQueryCallback()
#1 D:\\laravel\\School Managment System\\vendor\\laravel\\framework\\src\\Illuminate\\Database\\Connection.php(958): Illuminate\\Database\\Connection->tryAgainIfCausedByLostConnection()
#2 D:\\laravel\\School Managment System\\vendor\\laravel\\framework\\src\\Illuminate\\Database\\Connection.php(781): Illuminate\\Database\\Connection->handleQueryException()
#3 D:\\laravel\\School Managment System\\vendor\\laravel\\framework\\src\\Illuminate\\Database\\Connection.php(398): Illuminate\\Database\\Connection->run()
#4 D:\\laravel\\School Managment System\\vendor\\laravel\\framework\\src\\Illuminate\\Database\\Connection.php(344): Illuminate\\Database\\Connection->select()
#5 D:\\laravel\\School Managment System\\vendor\\laravel\\framework\\src\\Illuminate\\Database\\Connection.php(361): Illuminate\\Database\\Connection->selectOne()
#6 D:\\laravel\\School Managment System\\vendor\\laravel\\framework\\src\\Illuminate\\Database\\Schema\\MySqlBuilder.php(45): Illuminate\\Database\\Connection->scalar()
#7 D:\\laravel\\School Managment System\\vendor\\laravel\\framework\\src\\Illuminate\\Database\\Migrations\\DatabaseMigrationRepository.php(184): Illuminate\\Database\\Schema\\MySqlBuilder->hasTable()
#8 D:\\laravel\\School Managment System\\vendor\\laravel\\framework\\src\\Illuminate\\Database\\Migrations\\Migrator.php(742): Illuminate\\Database\\Migrations\\DatabaseMigrationRepository->repositoryExists()
#9 D:\\laravel\\School Managment System\\vendor\\laravel\\framework\\src\\Illuminate\\Database\\Console\\Migrations\\MigrateCommand.php(165): Illuminate\\Database\\Migrations\\Migrator->repositoryExists()
#10 D:\\laravel\\School Managment System\\vendor\\laravel\\framework\\src\\Illuminate\\Support\\helpers.php(338): Illuminate\\Database\\Console\\Migrations\\MigrateCommand->Illuminate\\Database\\Console\\Migrations\\{closure}()
#11 D:\\laravel\\School Managment System\\vendor\\laravel\\framework\\src\\Illuminate\\Database\\Console\\Migrations\\MigrateCommand.php(165): retry()
#12 D:\\laravel\\School Managment System\\vendor\\laravel\\framework\\src\\Illuminate\\Database\\Console\\Migrations\\MigrateCommand.php(141): Illuminate\\Database\\Console\\Migrations\\MigrateCommand->repositoryExists()
#13 D:\\laravel\\School Managment System\\vendor\\laravel\\framework\\src\\Illuminate\\Database\\Console\\Migrations\\MigrateCommand.php(111): Illuminate\\Database\\Console\\Migrations\\MigrateCommand->prepareDatabase()
#14 D:\\laravel\\School Managment System\\vendor\\laravel\\framework\\src\\Illuminate\\Database\\Migrations\\Migrator.php(658): Illuminate\\Database\\Console\\Migrations\\MigrateCommand->Illuminate\\Database\\Console\\Migrations\\{closure}()
#15 D:\\laravel\\School Managment System\\vendor\\laravel\\framework\\src\\Illuminate\\Database\\Console\\Migrations\\MigrateCommand.php(110): Illuminate\\Database\\Migrations\\Migrator->usingConnection()
#16 D:\\laravel\\School Managment System\\vendor\\laravel\\framework\\src\\Illuminate\\Database\\Console\\Migrations\\MigrateCommand.php(89): Illuminate\\Database\\Console\\Migrations\\MigrateCommand->runMigrations()
#17 D:\\laravel\\School Managment System\\vendor\\laravel\\framework\\src\\Illuminate\\Container\\BoundMethod.php(36): Illuminate\\Database\\Console\\Migrations\\MigrateCommand->handle()
#18 D:\\laravel\\School Managment System\\vendor\\laravel\\framework\\src\\Illuminate\\Container\\Util.php(43): Illuminate\\Container\\BoundMethod::Illuminate\\Container\\{closure}()
#19 D:\\laravel\\School Managment System\\vendor\\laravel\\framework\\src\\Illuminate\\Container\\BoundMethod.php(95): Illuminate\\Container\\Util::unwrapIfClosure()
#20 D:\\laravel\\School Managment System\\vendor\\laravel\\framework\\src\\Illuminate\\Container\\BoundMethod.php(35): Illuminate\\Container\\BoundMethod::callBoundMethod()
#21 D:\\laravel\\School Managment System\\vendor\\laravel\\framework\\src\\Illuminate\\Container\\Container.php(696): Illuminate\\Container\\BoundMethod::call()
#22 D:\\laravel\\School Managment System\\vendor\\laravel\\framework\\src\\Illuminate\\Console\\Command.php(213): Illuminate\\Container\\Container->call()
#23 D:\\laravel\\School Managment System\\vendor\\symfony\\console\\Command\\Command.php(318): Illuminate\\Console\\Command->execute()
#24 D:\\laravel\\School Managment System\\vendor\\laravel\\framework\\src\\Illuminate\\Console\\Command.php(182): Symfony\\Component\\Console\\Command\\Command->run()
#25 D:\\laravel\\School Managment System\\vendor\\symfony\\console\\Application.php(1073): Illuminate\\Console\\Command->run()
#26 D:\\laravel\\School Managment System\\vendor\\symfony\\console\\Application.php(356): Symfony\\Component\\Console\\Application->doRunCommand()
#27 D:\\laravel\\School Managment System\\vendor\\symfony\\console\\Application.php(195): Symfony\\Component\\Console\\Application->doRun()
#28 D:\\laravel\\School Managment System\\vendor\\laravel\\framework\\src\\Illuminate\\Foundation\\Console\\Kernel.php(198): Symfony\\Component\\Console\\Application->run()
#29 D:\\laravel\\School Managment System\\vendor\\laravel\\framework\\src\\Illuminate\\Foundation\\Application.php(1235): Illuminate\\Foundation\\Console\\Kernel->handle()
#30 D:\\laravel\\School Managment System\\artisan(13): Illuminate\\Foundation\\Application->handleCommand()
#31 {main}

[previous exception] [object] (PDOException(code: 2002): SQLSTATE[HY000] [2002] No connection could be made because the target machine actively refused it at D:\\laravel\\School Managment System\\vendor\\laravel\\framework\\src\\Illuminate\\Database\\Connectors\\Connector.php:66)
[stacktrace]
#0 D:\\laravel\\School Managment System\\vendor\\laravel\\framework\\src\\Illuminate\\Database\\Connectors\\Connector.php(66): PDO->__construct()
#1 D:\\laravel\\School Managment System\\vendor\\laravel\\framework\\src\\Illuminate\\Database\\Connectors\\Connector.php(85): Illuminate\\Database\\Connectors\\Connector->createPdoConnection()
#2 D:\\laravel\\School Managment System\\vendor\\laravel\\framework\\src\\Illuminate\\Database\\Connectors\\Connector.php(48): Illuminate\\Database\\Connectors\\Connector->tryAgainIfCausedByLostConnection()
#3 D:\\laravel\\School Managment System\\vendor\\laravel\\framework\\src\\Illuminate\\Database\\Connectors\\MySqlConnector.php(24): Illuminate\\Database\\Connectors\\Connector->createConnection()
#4 D:\\laravel\\School Managment System\\vendor\\laravel\\framework\\src\\Illuminate\\Database\\Connectors\\ConnectionFactory.php(185): Illuminate\\Database\\Connectors\\MySqlConnector->connect()
#5 [internal function]: Illuminate\\Database\\Connectors\\ConnectionFactory->Illuminate\\Database\\Connectors\\{closure}()
#6 D:\\laravel\\School Managment System\\vendor\\laravel\\framework\\src\\Illuminate\\Database\\Connection.php(1231): call_user_func()
#7 D:\\laravel\\School Managment System\\vendor\\laravel\\framework\\src\\Illuminate\\Database\\Connection.php(1267): Illuminate\\Database\\Connection->getPdo()
#8 D:\\laravel\\School Managment System\\vendor\\laravel\\framework\\src\\Illuminate\\Database\\Connection.php(512): Illuminate\\Database\\Connection->getReadPdo()
#9 D:\\laravel\\School Managment System\\vendor\\laravel\\framework\\src\\Illuminate\\Database\\Connection.php(407): Illuminate\\Database\\Connection->getPdoForSelect()
#10 D:\\laravel\\School Managment System\\vendor\\laravel\\framework\\src\\Illuminate\\Database\\Connection.php(812): Illuminate\\Database\\Connection->Illuminate\\Database\\{closure}()
#11 D:\\laravel\\School Managment System\\vendor\\laravel\\framework\\src\\Illuminate\\Database\\Connection.php(979): Illuminate\\Database\\Connection->runQueryCallback()
#12 D:\\laravel\\School Managment System\\vendor\\laravel\\framework\\src\\Illuminate\\Database\\Connection.php(958): Illuminate\\Database\\Connection->tryAgainIfCausedByLostConnection()
#13 D:\\laravel\\School Managment System\\vendor\\laravel\\framework\\src\\Illuminate\\Database\\Connection.php(781): Illuminate\\Database\\Connection->handleQueryException()
#14 D:\\laravel\\School Managment System\\vendor\\laravel\\framework\\src\\Illuminate\\Database\\Connection.php(398): Illuminate\\Database\\Connection->run()
#15 D:\\laravel\\School Managment System\\vendor\\laravel\\framework\\src\\Illuminate\\Database\\Connection.php(344): Illuminate\\Database\\Connection->select()
#16 D:\\laravel\\School Managment System\\vendor\\laravel\\framework\\src\\Illuminate\\Database\\Connection.php(361): Illuminate\\Database\\Connection->selectOne()
#17 D:\\laravel\\School Managment System\\vendor\\laravel\\framework\\src\\Illuminate\\Database\\Schema\\MySqlBuilder.php(45): Illuminate\\Database\\Connection->scalar()
#18 D:\\laravel\\School Managment System\\vendor\\laravel\\framework\\src\\Illuminate\\Database\\Migrations\\DatabaseMigrationRepository.php(184): Illuminate\\Database\\Schema\\MySqlBuilder->hasTable()
#19 D:\\laravel\\School Managment System\\vendor\\laravel\\framework\\src\\Illuminate\\Database\\Migrations\\Migrator.php(742): Illuminate\\Database\\Migrations\\DatabaseMigrationRepository->repositoryExists()
#20 D:\\laravel\\School Managment System\\vendor\\laravel\\framework\\src\\Illuminate\\Database\\Console\\Migrations\\MigrateCommand.php(165): Illuminate\\Database\\Migrations\\Migrator->repositoryExists()
#21 D:\\laravel\\School Managment System\\vendor\\laravel\\framework\\src\\Illuminate\\Support\\helpers.php(338): Illuminate\\Database\\Console\\Migrations\\MigrateCommand->Illuminate\\Database\\Console\\Migrations\\{closure}()
#22 D:\\laravel\\School Managment System\\vendor\\laravel\\framework\\src\\Illuminate\\Database\\Console\\Migrations\\MigrateCommand.php(165): retry()
#23 D:\\laravel\\School Managment System\\vendor\\laravel\\framework\\src\\Illuminate\\Database\\Console\\Migrations\\MigrateCommand.php(141): Illuminate\\Database\\Console\\Migrations\\MigrateCommand->repositoryExists()
#24 D:\\laravel\\School Managment System\\vendor\\laravel\\framework\\src\\Illuminate\\Database\\Console\\Migrations\\MigrateCommand.php(111): Illuminate\\Database\\Console\\Migrations\\MigrateCommand->prepareDatabase()
#25 D:\\laravel\\School Managment System\\vendor\\laravel\\framework\\src\\Illuminate\\Database\\Migrations\\Migrator.php(658): Illuminate\\Database\\Console\\Migrations\\MigrateCommand->Illuminate\\Database\\Console\\Migrations\\{closure}()
#26 D:\\laravel\\School Managment System\\vendor\\laravel\\framework\\src\\Illuminate\\Database\\Console\\Migrations\\MigrateCommand.php(110): Illuminate\\Database\\Migrations\\Migrator->usingConnection()
#27 D:\\laravel\\School Managment System\\vendor\\laravel\\framework\\src\\Illuminate\\Database\\Console\\Migrations\\MigrateCommand.php(89): Illuminate\\Database\\Console\\Migrations\\MigrateCommand->runMigrations()
#28 D:\\laravel\\School Managment System\\vendor\\laravel\\framework\\src\\Illuminate\\Container\\BoundMethod.php(36): Illuminate\\Database\\Console\\Migrations\\MigrateCommand->handle()
#29 D:\\laravel\\School Managment System\\vendor\\laravel\\framework\\src\\Illuminate\\Container\\Util.php(43): Illuminate\\Container\\BoundMethod::Illuminate\\Container\\{closure}()
#30 D:\\laravel\\School Managment System\\vendor\\laravel\\framework\\src\\Illuminate\\Container\\BoundMethod.php(95): Illuminate\\Container\\Util::unwrapIfClosure()
#31 D:\\laravel\\School Managment System\\vendor\\laravel\\framework\\src\\Illuminate\\Container\\BoundMethod.php(35): Illuminate\\Container\\BoundMethod::callBoundMethod()
#32 D:\\laravel\\School Managment System\\vendor\\laravel\\framework\\src\\Illuminate\\Container\\Container.php(696): Illuminate\\Container\\BoundMethod::call()
#33 D:\\laravel\\School Managment System\\vendor\\laravel\\framework\\src\\Illuminate\\Console\\Command.php(213): Illuminate\\Container\\Container->call()
#34 D:\\laravel\\School Managment System\\vendor\\symfony\\console\\Command\\Command.php(318): Illuminate\\Console\\Command->execute()
#35 D:\\laravel\\School Managment System\\vendor\\laravel\\framework\\src\\Illuminate\\Console\\Command.php(182): Symfony\\Component\\Console\\Command\\Command->run()
#36 D:\\laravel\\School Managment System\\vendor\\symfony\\console\\Application.php(1073): Illuminate\\Console\\Command->run()
#37 D:\\laravel\\School Managment System\\vendor\\symfony\\console\\Application.php(356): Symfony\\Component\\Console\\Application->doRunCommand()
#38 D:\\laravel\\School Managment System\\vendor\\symfony\\console\\Application.php(195): Symfony\\Component\\Console\\Application->doRun()
#39 D:\\laravel\\School Managment System\\vendor\\laravel\\framework\\src\\Illuminate\\Foundation\\Console\\Kernel.php(198): Symfony\\Component\\Console\\Application->run()
#40 D:\\laravel\\School Managment System\\vendor\\laravel\\framework\\src\\Illuminate\\Foundation\\Application.php(1235): Illuminate\\Foundation\\Console\\Kernel->handle()
#41 D:\\laravel\\School Managment System\\artisan(13): Illuminate\\Foundation\\Application->handleCommand()
#42 {main}
"} 
[2026-04-19 17:09:38] local.ERROR: Command "make:service" is not defined.

Did you mean one of these?
    make:cache-table
    make:cast
    make:channel
    make:class
    make:command
    make:component
    make:controller
    make:enum
    make:event
    make:exception
    make:factory
    make:interface
    make:job
    make:job-middleware
    make:listener
    make:mail
    make:middleware
    make:migration
    make:model
    make:notification
    make:notifications-table
    make:observer
    make:policy
    make:provider
    make:queue-batches-table
    make:queue-failed-table
    make:queue-table
    make:request
    make:resource
    make:rule
    make:scope
    make:seeder
    make:session-table
    make:test
    make:trait
    make:view {"exception":"[object] (Symfony\\Component\\Console\\Exception\\CommandNotFoundException(code: 0): Command \"make:service\" is not defined.

Did you mean one of these?
    make:cache-table
    make:cast
    make:channel
    make:class
    make:command
    make:component
    make:controller
    make:enum
    make:event
    make:exception
    make:factory
    make:interface
    make:job
    make:job-middleware
    make:listener
    make:mail
    make:middleware
    make:migration
    make:model
    make:notification
    make:notifications-table
    make:observer
    make:policy
    make:provider
    make:queue-batches-table
    make:queue-failed-table
    make:queue-table
    make:request
    make:resource
    make:rule
    make:scope
    make:seeder
    make:session-table
    make:test
    make:trait
    make:view at D:\\laravel\\School Managment System\\vendor\\symfony\\console\\Application.php:740)
[stacktrace]
#0 D:\\laravel\\School Managment System\\vendor\\symfony\\console\\Application.php(298): Symfony\\Component\\Console\\Application->find()
#1 D:\\laravel\\School Managment System\\vendor\\symfony\\console\\Application.php(195): Symfony\\Component\\Console\\Application->doRun()
#2 D:\\laravel\\School Managment System\\vendor\\laravel\\framework\\src\\Illuminate\\Foundation\\Console\\Kernel.php(198): Symfony\\Component\\Console\\Application->run()
#3 D:\\laravel\\School Managment System\\vendor\\laravel\\framework\\src\\Illuminate\\Foundation\\Application.php(1235): Illuminate\\Foundation\\Console\\Kernel->handle()
#4 D:\\laravel\\School Managment System\\artisan(13): Illuminate\\Foundation\\Application->handleCommand()
#5 {main}
"} 
[2026-04-20 19:39:37] local.ERROR: SQLSTATE[HY000] [2002] No connection could be made because the target machine actively refused it (Connection: mysql, SQL: select exists (select 1 from information_schema.tables where table_schema = 'School_Management_System' and table_name = 'migrations' and table_type in ('BASE TABLE', 'SYSTEM VERSIONED')) as `exists`) {"exception":"[object] (Illuminate\\Database\\QueryException(code: 2002): SQLSTATE[HY000] [2002] No connection could be made because the target machine actively refused it (Connection: mysql, SQL: select exists (select 1 from information_schema.tables where table_schema = 'School_Management_System' and table_name = 'migrations' and table_type in ('BASE TABLE', 'SYSTEM VERSIONED')) as `exists`) at D:\\laravel\\School Managment System\\vendor\\laravel\\framework\\src\\Illuminate\\Database\\Connection.php:825)
[stacktrace]
#0 D:\\laravel\\School Managment System\\vendor\\laravel\\framework\\src\\Illuminate\\Database\\Connection.php(979): Illuminate\\Database\\Connection->runQueryCallback()
#1 D:\\laravel\\School Managment System\\vendor\\laravel\\framework\\src\\Illuminate\\Database\\Connection.php(958): Illuminate\\Database\\Connection->tryAgainIfCausedByLostConnection()
#2 D:\\laravel\\School Managment System\\vendor\\laravel\\framework\\src\\Illuminate\\Database\\Connection.php(781): Illuminate\\Database\\Connection->handleQueryException()
#3 D:\\laravel\\School Managment System\\vendor\\laravel\\framework\\src\\Illuminate\\Database\\Connection.php(398): Illuminate\\Database\\Connection->run()
#4 D:\\laravel\\School Managment System\\vendor\\laravel\\framework\\src\\Illuminate\\Database\\Connection.php(344): Illuminate\\Database\\Connection->select()
#5 D:\\laravel\\School Managment System\\vendor\\laravel\\framework\\src\\Illuminate\\Database\\Connection.php(361): Illuminate\\Database\\Connection->selectOne()
#6 D:\\laravel\\School Managment System\\vendor\\laravel\\framework\\src\\Illuminate\\Database\\Schema\\MySqlBuilder.php(45): Illuminate\\Database\\Connection->scalar()
#7 D:\\laravel\\School Managment System\\vendor\\laravel\\framework\\src\\Illuminate\\Database\\Migrations\\DatabaseMigrationRepository.php(184): Illuminate\\Database\\Schema\\MySqlBuilder->hasTable()
#8 D:\\laravel\\School Managment System\\vendor\\laravel\\framework\\src\\Illuminate\\Database\\Migrations\\Migrator.php(742): Illuminate\\Database\\Migrations\\DatabaseMigrationRepository->repositoryExists()
#9 D:\\laravel\\School Managment System\\vendor\\laravel\\framework\\src\\Illuminate\\Database\\Console\\Migrations\\MigrateCommand.php(165): Illuminate\\Database\\Migrations\\Migrator->repositoryExists()
#10 D:\\laravel\\School Managment System\\vendor\\laravel\\framework\\src\\Illuminate\\Support\\helpers.php(338): Illuminate\\Database\\Console\\Migrations\\MigrateCommand->Illuminate\\Database\\Console\\Migrations\\{closure}()
#11 D:\\laravel\\School Managment System\\vendor\\laravel\\framework\\src\\Illuminate\\Database\\Console\\Migrations\\MigrateCommand.php(165): retry()
#12 D:\\laravel\\School Managment System\\vendor\\laravel\\framework\\src\\Illuminate\\Database\\Console\\Migrations\\MigrateCommand.php(141): Illuminate\\Database\\Console\\Migrations\\MigrateCommand->repositoryExists()
#13 D:\\laravel\\School Managment System\\vendor\\laravel\\framework\\src\\Illuminate\\Database\\Console\\Migrations\\MigrateCommand.php(111): Illuminate\\Database\\Console\\Migrations\\MigrateCommand->prepareDatabase()
#14 D:\\laravel\\School Managment System\\vendor\\laravel\\framework\\src\\Illuminate\\Database\\Migrations\\Migrator.php(658): Illuminate\\Database\\Console\\Migrations\\MigrateCommand->Illuminate\\Database\\Console\\Migrations\\{closure}()
#15 D:\\laravel\\School Managment System\\vendor\\laravel\\framework\\src\\Illuminate\\Database\\Console\\Migrations\\MigrateCommand.php(110): Illuminate\\Database\\Migrations\\Migrator->usingConnection()
#16 D:\\laravel\\School Managment System\\vendor\\laravel\\framework\\src\\Illuminate\\Database\\Console\\Migrations\\MigrateCommand.php(89): Illuminate\\Database\\Console\\Migrations\\MigrateCommand->runMigrations()
#17 D:\\laravel\\School Managment System\\vendor\\laravel\\framework\\src\\Illuminate\\Container\\BoundMethod.php(36): Illuminate\\Database\\Console\\Migrations\\MigrateCommand->handle()
#18 D:\\laravel\\School Managment System\\vendor\\laravel\\framework\\src\\Illuminate\\Container\\Util.php(43): Illuminate\\Container\\BoundMethod::Illuminate\\Container\\{closure}()
#19 D:\\laravel\\School Managment System\\vendor\\laravel\\framework\\src\\Illuminate\\Container\\BoundMethod.php(95): Illuminate\\Container\\Util::unwrapIfClosure()
#20 D:\\laravel\\School Managment System\\vendor\\laravel\\framework\\src\\Illuminate\\Container\\BoundMethod.php(35): Illuminate\\Container\\BoundMethod::callBoundMethod()
#21 D:\\laravel\\School Managment System\\vendor\\laravel\\framework\\src\\Illuminate\\Container\\Container.php(696): Illuminate\\Container\\BoundMethod::call()
#22 D:\\laravel\\School Managment System\\vendor\\laravel\\framework\\src\\Illuminate\\Console\\Command.php(213): Illuminate\\Container\\Container->call()
#23 D:\\laravel\\School Managment System\\vendor\\symfony\\console\\Command\\Command.php(318): Illuminate\\Console\\Command->execute()
#24 D:\\laravel\\School Managment System\\vendor\\laravel\\framework\\src\\Illuminate\\Console\\Command.php(182): Symfony\\Component\\Console\\Command\\Command->run()
#25 D:\\laravel\\School Managment System\\vendor\\symfony\\console\\Application.php(1073): Illuminate\\Console\\Command->run()
#26 D:\\laravel\\School Managment System\\vendor\\symfony\\console\\Application.php(356): Symfony\\Component\\Console\\Application->doRunCommand()
#27 D:\\laravel\\School Managment System\\vendor\\symfony\\console\\Application.php(195): Symfony\\Component\\Console\\Application->doRun()
#28 D:\\laravel\\School Managment System\\vendor\\laravel\\framework\\src\\Illuminate\\Foundation\\Console\\Kernel.php(198): Symfony\\Component\\Console\\Application->run()
#29 D:\\laravel\\School Managment System\\vendor\\laravel\\framework\\src\\Illuminate\\Foundation\\Application.php(1235): Illuminate\\Foundation\\Console\\Kernel->handle()
#30 D:\\laravel\\School Managment System\\artisan(13): Illuminate\\Foundation\\Application->handleCommand()
#31 {main}

[previous exception] [object] (PDOException(code: 2002): SQLSTATE[HY000] [2002] No connection could be made because the target machine actively refused it at D:\\laravel\\School Managment System\\vendor\\laravel\\framework\\src\\Illuminate\\Database\\Connectors\\Connector.php:66)
[stacktrace]
#0 D:\\laravel\\School Managment System\\vendor\\laravel\\framework\\src\\Illuminate\\Database\\Connectors\\Connector.php(66): PDO->__construct()
#1 D:\\laravel\\School Managment System\\vendor\\laravel\\framework\\src\\Illuminate\\Database\\Connectors\\Connector.php(85): Illuminate\\Database\\Connectors\\Connector->createPdoConnection()
#2 D:\\laravel\\School Managment System\\vendor\\laravel\\framework\\src\\Illuminate\\Database\\Connectors\\Connector.php(48): Illuminate\\Database\\Connectors\\Connector->tryAgainIfCausedByLostConnection()
#3 D:\\laravel\\School Managment System\\vendor\\laravel\\framework\\src\\Illuminate\\Database\\Connectors\\MySqlConnector.php(24): Illuminate\\Database\\Connectors\\Connector->createConnection()
#4 D:\\laravel\\School Managment System\\vendor\\laravel\\framework\\src\\Illuminate\\Database\\Connectors\\ConnectionFactory.php(185): Illuminate\\Database\\Connectors\\MySqlConnector->connect()
#5 [internal function]: Illuminate\\Database\\Connectors\\ConnectionFactory->Illuminate\\Database\\Connectors\\{closure}()
#6 D:\\laravel\\School Managment System\\vendor\\laravel\\framework\\src\\Illuminate\\Database\\Connection.php(1231): call_user_func()
#7 D:\\laravel\\School Managment System\\vendor\\laravel\\framework\\src\\Illuminate\\Database\\Connection.php(1267): Illuminate\\Database\\Connection->getPdo()
#8 D:\\laravel\\School Managment System\\vendor\\laravel\\framework\\src\\Illuminate\\Database\\Connection.php(512): Illuminate\\Database\\Connection->getReadPdo()
#9 D:\\laravel\\School Managment System\\vendor\\laravel\\framework\\src\\Illuminate\\Database\\Connection.php(407): Illuminate\\Database\\Connection->getPdoForSelect()
#10 D:\\laravel\\School Managment System\\vendor\\laravel\\framework\\src\\Illuminate\\Database\\Connection.php(812): Illuminate\\Database\\Connection->Illuminate\\Database\\{closure}()
#11 D:\\laravel\\School Managment System\\vendor\\laravel\\framework\\src\\Illuminate\\Database\\Connection.php(979): Illuminate\\Database\\Connection->runQueryCallback()
#12 D:\\laravel\\School Managment System\\vendor\\laravel\\framework\\src\\Illuminate\\Database\\Connection.php(958): Illuminate\\Database\\Connection->tryAgainIfCausedByLostConnection()
#13 D:\\laravel\\School Managment System\\vendor\\laravel\\framework\\src\\Illuminate\\Database\\Connection.php(781): Illuminate\\Database\\Connection->handleQueryException()
#14 D:\\laravel\\School Managment System\\vendor\\laravel\\framework\\src\\Illuminate\\Database\\Connection.php(398): Illuminate\\Database\\Connection->run()
#15 D:\\laravel\\School Managment System\\vendor\\laravel\\framework\\src\\Illuminate\\Database\\Connection.php(344): Illuminate\\Database\\Connection->select()
#16 D:\\laravel\\School Managment System\\vendor\\laravel\\framework\\src\\Illuminate\\Database\\Connection.php(361): Illuminate\\Database\\Connection->selectOne()
#17 D:\\laravel\\School Managment System\\vendor\\laravel\\framework\\src\\Illuminate\\Database\\Schema\\MySqlBuilder.php(45): Illuminate\\Database\\Connection->scalar()
#18 D:\\laravel\\School Managment System\\vendor\\laravel\\framework\\src\\Illuminate\\Database\\Migrations\\DatabaseMigrationRepository.php(184): Illuminate\\Database\\Schema\\MySqlBuilder->hasTable()
#19 D:\\laravel\\School Managment System\\vendor\\laravel\\framework\\src\\Illuminate\\Database\\Migrations\\Migrator.php(742): Illuminate\\Database\\Migrations\\DatabaseMigrationRepository->repositoryExists()
#20 D:\\laravel\\School Managment System\\vendor\\laravel\\framework\\src\\Illuminate\\Database\\Console\\Migrations\\MigrateCommand.php(165): Illuminate\\Database\\Migrations\\Migrator->repositoryExists()
#21 D:\\laravel\\School Managment System\\vendor\\laravel\\framework\\src\\Illuminate\\Support\\helpers.php(338): Illuminate\\Database\\Console\\Migrations\\MigrateCommand->Illuminate\\Database\\Console\\Migrations\\{closure}()
#22 D:\\laravel\\School Managment System\\vendor\\laravel\\framework\\src\\Illuminate\\Database\\Console\\Migrations\\MigrateCommand.php(165): retry()
#23 D:\\laravel\\School Managment System\\vendor\\laravel\\framework\\src\\Illuminate\\Database\\Console\\Migrations\\MigrateCommand.php(141): Illuminate\\Database\\Console\\Migrations\\MigrateCommand->repositoryExists()
#24 D:\\laravel\\School Managment System\\vendor\\laravel\\framework\\src\\Illuminate\\Database\\Console\\Migrations\\MigrateCommand.php(111): Illuminate\\Database\\Console\\Migrations\\MigrateCommand->prepareDatabase()
#25 D:\\laravel\\School Managment System\\vendor\\laravel\\framework\\src\\Illuminate\\Database\\Migrations\\Migrator.php(658): Illuminate\\Database\\Console\\Migrations\\MigrateCommand->Illuminate\\Database\\Console\\Migrations\\{closure}()
#26 D:\\laravel\\School Managment System\\vendor\\laravel\\framework\\src\\Illuminate\\Database\\Console\\Migrations\\MigrateCommand.php(110): Illuminate\\Database\\Migrations\\Migrator->usingConnection()
#27 D:\\laravel\\School Managment System\\vendor\\laravel\\framework\\src\\Illuminate\\Database\\Console\\Migrations\\MigrateCommand.php(89): Illuminate\\Database\\Console\\Migrations\\MigrateCommand->runMigrations()
#28 D:\\laravel\\School Managment System\\vendor\\laravel\\framework\\src\\Illuminate\\Container\\BoundMethod.php(36): Illuminate\\Database\\Console\\Migrations\\MigrateCommand->handle()
#29 D:\\laravel\\School Managment System\\vendor\\laravel\\framework\\src\\Illuminate\\Container\\Util.php(43): Illuminate\\Container\\BoundMethod::Illuminate\\Container\\{closure}()
#30 D:\\laravel\\School Managment System\\vendor\\laravel\\framework\\src\\Illuminate\\Container\\BoundMethod.php(95): Illuminate\\Container\\Util::unwrapIfClosure()
#31 D:\\laravel\\School Managment System\\vendor\\laravel\\framework\\src\\Illuminate\\Container\\BoundMethod.php(35): Illuminate\\Container\\BoundMethod::callBoundMethod()
#32 D:\\laravel\\School Managment System\\vendor\\laravel\\framework\\src\\Illuminate\\Container\\Container.php(696): Illuminate\\Container\\BoundMethod::call()
#33 D:\\laravel\\School Managment System\\vendor\\laravel\\framework\\src\\Illuminate\\Console\\Command.php(213): Illuminate\\Container\\Container->call()
#34 D:\\laravel\\School Managment System\\vendor\\symfony\\console\\Command\\Command.php(318): Illuminate\\Console\\Command->execute()
#35 D:\\laravel\\School Managment System\\vendor\\laravel\\framework\\src\\Illuminate\\Console\\Command.php(182): Symfony\\Component\\Console\\Command\\Command->run()
#36 D:\\laravel\\School Managment System\\vendor\\symfony\\console\\Application.php(1073): Illuminate\\Console\\Command->run()
#37 D:\\laravel\\School Managment System\\vendor\\symfony\\console\\Application.php(356): Symfony\\Component\\Console\\Application->doRunCommand()
#38 D:\\laravel\\School Managment System\\vendor\\symfony\\console\\Application.php(195): Symfony\\Component\\Console\\Application->doRun()
#39 D:\\laravel\\School Managment System\\vendor\\laravel\\framework\\src\\Illuminate\\Foundation\\Console\\Kernel.php(198): Symfony\\Component\\Console\\Application->run()
#40 D:\\laravel\\School Managment System\\vendor\\laravel\\framework\\src\\Illuminate\\Foundation\\Application.php(1235): Illuminate\\Foundation\\Console\\Kernel->handle()
#41 D:\\laravel\\School Managment System\\artisan(13): Illuminate\\Foundation\\Application->handleCommand()
#42 {main}
"} 
[2026-04-20 19:40:44] local.ERROR: SQLSTATE[42000]: Syntax error or access violation: 1064 You have an error in your SQL syntax; check the manual that corresponds to your MariaDB server version for the right syntax to use near 'after `email_verified_at`, `verification_expires_at` timestamp null after `ve...' at line 1 (Connection: mysql, SQL: create table `users` (`id` bigint unsigned not null auto_increment primary key, `email` varchar(255) not null, `password` varchar(255) not null, `role` enum('teacher', 'student', 'guardian') not null, `phone` varchar(255) null, `device_token` varchar(255) null, `is_active` tinyint(1) not null default '0', `email_verified_at` timestamp null, `last_login_at` timestamp null, `last_login_ip` varchar(255) null, `teacher_id` bigint unsigned null, `student_id` bigint unsigned null, `guardian_id` bigint unsigned null, `remember_token` varchar(100) null, `created_at` timestamp null, `updated_at` timestamp null, `deleted_at` timestamp null, `verification_code` varchar(6) null after `email_verified_at`, `verification_expires_at` timestamp null after `verification_code`, `password_changed_at` timestamp null after `password`, `failed_attempts` int not null default '0' after `password_changed_at`, `locked_until` timestamp null after `failed_attempts`, `active_tokens` json null after `device_token`, `force_logout` tinyint(1) not null default '0' after `active_tokens`, `force_logout_at` timestamp null after `force_logout`) default character set utf8mb4 collate 'utf8mb4_unicode_ci') {"exception":"[object] (Illuminate\\Database\\QueryException(code: 42000): SQLSTATE[42000]: Syntax error or access violation: 1064 You have an error in your SQL syntax; check the manual that corresponds to your MariaDB server version for the right syntax to use near 'after `email_verified_at`, `verification_expires_at` timestamp null after `ve...' at line 1 (Connection: mysql, SQL: create table `users` (`id` bigint unsigned not null auto_increment primary key, `email` varchar(255) not null, `password` varchar(255) not null, `role` enum('teacher', 'student', 'guardian') not null, `phone` varchar(255) null, `device_token` varchar(255) null, `is_active` tinyint(1) not null default '0', `email_verified_at` timestamp null, `last_login_at` timestamp null, `last_login_ip` varchar(255) null, `teacher_id` bigint unsigned null, `student_id` bigint unsigned null, `guardian_id` bigint unsigned null, `remember_token` varchar(100) null, `created_at` timestamp null, `updated_at` timestamp null, `deleted_at` timestamp null, `verification_code` varchar(6) null after `email_verified_at`, `verification_expires_at` timestamp null after `verification_code`, `password_changed_at` timestamp null after `password`, `failed_attempts` int not null default '0' after `password_changed_at`, `locked_until` timestamp null after `failed_attempts`, `active_tokens` json null after `device_token`, `force_logout` tinyint(1) not null default '0' after `active_tokens`, `force_logout_at` timestamp null after `force_logout`) default character set utf8mb4 collate 'utf8mb4_unicode_ci') at D:\\laravel\\School Managment System\\vendor\\laravel\\framework\\src\\Illuminate\\Database\\Connection.php:825)
[stacktrace]
#0 D:\\laravel\\School Managment System\\vendor\\laravel\\framework\\src\\Illuminate\\Database\\Connection.php(779): Illuminate\\Database\\Connection->runQueryCallback()
#1 D:\\laravel\\School Managment System\\vendor\\laravel\\framework\\src\\Illuminate\\Database\\Connection.php(560): Illuminate\\Database\\Connection->run()
#2 D:\\laravel\\School Managment System\\vendor\\laravel\\framework\\src\\Illuminate\\Database\\Schema\\Blueprint.php(118): Illuminate\\Database\\Connection->statement()
#3 D:\\laravel\\School Managment System\\vendor\\laravel\\framework\\src\\Illuminate\\Database\\Schema\\Builder.php(564): Illuminate\\Database\\Schema\\Blueprint->build()
#4 D:\\laravel\\School Managment System\\vendor\\laravel\\framework\\src\\Illuminate\\Database\\Schema\\Builder.php(418): Illuminate\\Database\\Schema\\Builder->build()
#5 D:\\laravel\\School Managment System\\vendor\\laravel\\framework\\src\\Illuminate\\Support\\Facades\\Facade.php(361): Illuminate\\Database\\Schema\\Builder->create()
#6 D:\\laravel\\School Managment System\\database\\migrations\\0001_01_01_000000_create_users_table.php(12): Illuminate\\Support\\Facades\\Facade::__callStatic()
#7 D:\\laravel\\School Managment System\\vendor\\laravel\\framework\\src\\Illuminate\\Database\\Migrations\\Migrator.php(507): Illuminate\\Database\\Migrations\\Migration@anonymous->up()
#8 D:\\laravel\\School Managment System\\vendor\\laravel\\framework\\src\\Illuminate\\Database\\Migrations\\Migrator.php(432): Illuminate\\Database\\Migrations\\Migrator->runMethod()
#9 D:\\laravel\\School Managment System\\vendor\\laravel\\framework\\src\\Illuminate\\Database\\Migrations\\Migrator.php(441): Illuminate\\Database\\Migrations\\Migrator->Illuminate\\Database\\Migrations\\{closure}()
#10 D:\\laravel\\School Managment System\\vendor\\laravel\\framework\\src\\Illuminate\\Database\\Migrations\\Migrator.php(244): Illuminate\\Database\\Migrations\\Migrator->runMigration()
#11 D:\\laravel\\School Managment System\\vendor\\laravel\\framework\\src\\Illuminate\\Console\\View\\Components\\Task.php(40): Illuminate\\Database\\Migrations\\Migrator->Illuminate\\Database\\Migrations\\{closure}()
#12 D:\\laravel\\School Managment System\\vendor\\laravel\\framework\\src\\Illuminate\\Database\\Migrations\\Migrator.php(798): Illuminate\\Console\\View\\Components\\Task->render()
#13 D:\\laravel\\School Managment System\\vendor\\laravel\\framework\\src\\Illuminate\\Database\\Migrations\\Migrator.php(244): Illuminate\\Database\\Migrations\\Migrator->write()
#14 D:\\laravel\\School Managment System\\vendor\\laravel\\framework\\src\\Illuminate\\Database\\Migrations\\Migrator.php(211): Illuminate\\Database\\Migrations\\Migrator->runUp()
#15 D:\\laravel\\School Managment System\\vendor\\laravel\\framework\\src\\Illuminate\\Database\\Migrations\\Migrator.php(138): Illuminate\\Database\\Migrations\\Migrator->runPending()
#16 D:\\laravel\\School Managment System\\vendor\\laravel\\framework\\src\\Illuminate\\Database\\Console\\Migrations\\MigrateCommand.php(117): Illuminate\\Database\\Migrations\\Migrator->run()
#17 D:\\laravel\\School Managment System\\vendor\\laravel\\framework\\src\\Illuminate\\Database\\Migrations\\Migrator.php(658): Illuminate\\Database\\Console\\Migrations\\MigrateCommand->Illuminate\\Database\\Console\\Migrations\\{closure}()
#18 D:\\laravel\\School Managment System\\vendor\\laravel\\framework\\src\\Illuminate\\Database\\Console\\Migrations\\MigrateCommand.php(110): Illuminate\\Database\\Migrations\\Migrator->usingConnection()
#19 D:\\laravel\\School Managment System\\vendor\\laravel\\framework\\src\\Illuminate\\Database\\Console\\Migrations\\MigrateCommand.php(89): Illuminate\\Database\\Console\\Migrations\\MigrateCommand->runMigrations()
#20 D:\\laravel\\School Managment System\\vendor\\laravel\\framework\\src\\Illuminate\\Container\\BoundMethod.php(36): Illuminate\\Database\\Console\\Migrations\\MigrateCommand->handle()
#21 D:\\laravel\\School Managment System\\vendor\\laravel\\framework\\src\\Illuminate\\Container\\Util.php(43): Illuminate\\Container\\BoundMethod::Illuminate\\Container\\{closure}()
#22 D:\\laravel\\School Managment System\\vendor\\laravel\\framework\\src\\Illuminate\\Container\\BoundMethod.php(95): Illuminate\\Container\\Util::unwrapIfClosure()
#23 D:\\laravel\\School Managment System\\vendor\\laravel\\framework\\src\\Illuminate\\Container\\BoundMethod.php(35): Illuminate\\Container\\BoundMethod::callBoundMethod()
#24 D:\\laravel\\School Managment System\\vendor\\laravel\\framework\\src\\Illuminate\\Container\\Container.php(696): Illuminate\\Container\\BoundMethod::call()
#25 D:\\laravel\\School Managment System\\vendor\\laravel\\framework\\src\\Illuminate\\Console\\Command.php(213): Illuminate\\Container\\Container->call()
#26 D:\\laravel\\School Managment System\\vendor\\symfony\\console\\Command\\Command.php(318): Illuminate\\Console\\Command->execute()
#27 D:\\laravel\\School Managment System\\vendor\\laravel\\framework\\src\\Illuminate\\Console\\Command.php(182): Symfony\\Component\\Console\\Command\\Command->run()
#28 D:\\laravel\\School Managment System\\vendor\\laravel\\framework\\src\\Illuminate\\Console\\Concerns\\CallsCommands.php(68): Illuminate\\Console\\Command->run()
#29 D:\\laravel\\School Managment System\\vendor\\laravel\\framework\\src\\Illuminate\\Console\\Concerns\\CallsCommands.php(29): Illuminate\\Console\\Command->runCommand()
#30 D:\\laravel\\School Managment System\\vendor\\laravel\\framework\\src\\Illuminate\\Database\\Console\\Migrations\\FreshCommand.php(82): Illuminate\\Console\\Command->call()
#31 D:\\laravel\\School Managment System\\vendor\\laravel\\framework\\src\\Illuminate\\Container\\BoundMethod.php(36): Illuminate\\Database\\Console\\Migrations\\FreshCommand->handle()
#32 D:\\laravel\\School Managment System\\vendor\\laravel\\framework\\src\\Illuminate\\Container\\Util.php(43): Illuminate\\Container\\BoundMethod::Illuminate\\Container\\{closure}()
#33 D:\\laravel\\School Managment System\\vendor\\laravel\\framework\\src\\Illuminate\\Container\\BoundMethod.php(95): Illuminate\\Container\\Util::unwrapIfClosure()
#34 D:\\laravel\\School Managment System\\vendor\\laravel\\framework\\src\\Illuminate\\Container\\BoundMethod.php(35): Illuminate\\Container\\BoundMethod::callBoundMethod()
#35 D:\\laravel\\School Managment System\\vendor\\laravel\\framework\\src\\Illuminate\\Container\\Container.php(696): Illuminate\\Container\\BoundMethod::call()
#36 D:\\laravel\\School Managment System\\vendor\\laravel\\framework\\src\\Illuminate\\Console\\Command.php(213): Illuminate\\Container\\Container->call()
#37 D:\\laravel\\School Managment System\\vendor\\symfony\\console\\Command\\Command.php(318): Illuminate\\Console\\Command->execute()
#38 D:\\laravel\\School Managment System\\vendor\\laravel\\framework\\src\\Illuminate\\Console\\Command.php(182): Symfony\\Component\\Console\\Command\\Command->run()
#39 D:\\laravel\\School Managment System\\vendor\\symfony\\console\\Application.php(1073): Illuminate\\Console\\Command->run()
#40 D:\\laravel\\School Managment System\\vendor\\symfony\\console\\Application.php(356): Symfony\\Component\\Console\\Application->doRunCommand()
#41 D:\\laravel\\School Managment System\\vendor\\symfony\\console\\Application.php(195): Symfony\\Component\\Console\\Application->doRun()
#42 D:\\laravel\\School Managment System\\vendor\\laravel\\framework\\src\\Illuminate\\Foundation\\Console\\Kernel.php(198): Symfony\\Component\\Console\\Application->run()
#43 D:\\laravel\\School Managment System\\vendor\\laravel\\framework\\src\\Illuminate\\Foundation\\Application.php(1235): Illuminate\\Foundation\\Console\\Kernel->handle()
#44 D:\\laravel\\School Managment System\\artisan(13): Illuminate\\Foundation\\Application->handleCommand()
#45 {main}

[previous exception] [object] (PDOException(code: 42000): SQLSTATE[42000]: Syntax error or access violation: 1064 You have an error in your SQL syntax; check the manual that corresponds to your MariaDB server version for the right syntax to use near 'after `email_verified_at`, `verification_expires_at` timestamp null after `ve...' at line 1 at D:\\laravel\\School Managment System\\vendor\\laravel\\framework\\src\\Illuminate\\Database\\Connection.php:565)
[stacktrace]
#0 D:\\laravel\\School Managment System\\vendor\\laravel\\framework\\src\\Illuminate\\Database\\Connection.php(565): PDO->prepare()
#1 D:\\laravel\\School Managment System\\vendor\\laravel\\framework\\src\\Illuminate\\Database\\Connection.php(812): Illuminate\\Database\\Connection->Illuminate\\Database\\{closure}()
#2 D:\\laravel\\School Managment System\\vendor\\laravel\\framework\\src\\Illuminate\\Database\\Connection.php(779): Illuminate\\Database\\Connection->runQueryCallback()
#3 D:\\laravel\\School Managment System\\vendor\\laravel\\framework\\src\\Illuminate\\Database\\Connection.php(560): Illuminate\\Database\\Connection->run()
#4 D:\\laravel\\School Managment System\\vendor\\laravel\\framework\\src\\Illuminate\\Database\\Schema\\Blueprint.php(118): Illuminate\\Database\\Connection->statement()
#5 D:\\laravel\\School Managment System\\vendor\\laravel\\framework\\src\\Illuminate\\Database\\Schema\\Builder.php(564): Illuminate\\Database\\Schema\\Blueprint->build()
#6 D:\\laravel\\School Managment System\\vendor\\laravel\\framework\\src\\Illuminate\\Database\\Schema\\Builder.php(418): Illuminate\\Database\\Schema\\Builder->build()
#7 D:\\laravel\\School Managment System\\vendor\\laravel\\framework\\src\\Illuminate\\Support\\Facades\\Facade.php(361): Illuminate\\Database\\Schema\\Builder->create()
#8 D:\\laravel\\School Managment System\\database\\migrations\\0001_01_01_000000_create_users_table.php(12): Illuminate\\Support\\Facades\\Facade::__callStatic()
#9 D:\\laravel\\School Managment System\\vendor\\laravel\\framework\\src\\Illuminate\\Database\\Migrations\\Migrator.php(507): Illuminate\\Database\\Migrations\\Migration@anonymous->up()
#10 D:\\laravel\\School Managment System\\vendor\\laravel\\framework\\src\\Illuminate\\Database\\Migrations\\Migrator.php(432): Illuminate\\Database\\Migrations\\Migrator->runMethod()
#11 D:\\laravel\\School Managment System\\vendor\\laravel\\framework\\src\\Illuminate\\Database\\Migrations\\Migrator.php(441): Illuminate\\Database\\Migrations\\Migrator->Illuminate\\Database\\Migrations\\{closure}()
#12 D:\\laravel\\School Managment System\\vendor\\laravel\\framework\\src\\Illuminate\\Database\\Migrations\\Migrator.php(244): Illuminate\\Database\\Migrations\\Migrator->runMigration()
#13 D:\\laravel\\School Managment System\\vendor\\laravel\\framework\\src\\Illuminate\\Console\\View\\Components\\Task.php(40): Illuminate\\Database\\Migrations\\Migrator->Illuminate\\Database\\Migrations\\{closure}()
#14 D:\\laravel\\School Managment System\\vendor\\laravel\\framework\\src\\Illuminate\\Database\\Migrations\\Migrator.php(798): Illuminate\\Console\\View\\Components\\Task->render()
#15 D:\\laravel\\School Managment System\\vendor\\laravel\\framework\\src\\Illuminate\\Database\\Migrations\\Migrator.php(244): Illuminate\\Database\\Migrations\\Migrator->write()
#16 D:\\laravel\\School Managment System\\vendor\\laravel\\framework\\src\\Illuminate\\Database\\Migrations\\Migrator.php(211): Illuminate\\Database\\Migrations\\Migrator->runUp()
#17 D:\\laravel\\School Managment System\\vendor\\laravel\\framework\\src\\Illuminate\\Database\\Migrations\\Migrator.php(138): Illuminate\\Database\\Migrations\\Migrator->runPending()
#18 D:\\laravel\\School Managment System\\vendor\\laravel\\framework\\src\\Illuminate\\Database\\Console\\Migrations\\MigrateCommand.php(117): Illuminate\\Database\\Migrations\\Migrator->run()
#19 D:\\laravel\\School Managment System\\vendor\\laravel\\framework\\src\\Illuminate\\Database\\Migrations\\Migrator.php(658): Illuminate\\Database\\Console\\Migrations\\MigrateCommand->Illuminate\\Database\\Console\\Migrations\\{closure}()
#20 D:\\laravel\\School Managment System\\vendor\\laravel\\framework\\src\\Illuminate\\Database\\Console\\Migrations\\MigrateCommand.php(110): Illuminate\\Database\\Migrations\\Migrator->usingConnection()
#21 D:\\laravel\\School Managment System\\vendor\\laravel\\framework\\src\\Illuminate\\Database\\Console\\Migrations\\MigrateCommand.php(89): Illuminate\\Database\\Console\\Migrations\\MigrateCommand->runMigrations()
#22 D:\\laravel\\School Managment System\\vendor\\laravel\\framework\\src\\Illuminate\\Container\\BoundMethod.php(36): Illuminate\\Database\\Console\\Migrations\\MigrateCommand->handle()
#23 D:\\laravel\\School Managment System\\vendor\\laravel\\framework\\src\\Illuminate\\Container\\Util.php(43): Illuminate\\Container\\BoundMethod::Illuminate\\Container\\{closure}()
#24 D:\\laravel\\School Managment System\\vendor\\laravel\\framework\\src\\Illuminate\\Container\\BoundMethod.php(95): Illuminate\\Container\\Util::unwrapIfClosure()
#25 D:\\laravel\\School Managment System\\vendor\\laravel\\framework\\src\\Illuminate\\Container\\BoundMethod.php(35): Illuminate\\Container\\BoundMethod::callBoundMethod()
#26 D:\\laravel\\School Managment System\\vendor\\laravel\\framework\\src\\Illuminate\\Container\\Container.php(696): Illuminate\\Container\\BoundMethod::call()
#27 D:\\laravel\\School Managment System\\vendor\\laravel\\framework\\src\\Illuminate\\Console\\Command.php(213): Illuminate\\Container\\Container->call()
#28 D:\\laravel\\School Managment System\\vendor\\symfony\\console\\Command\\Command.php(318): Illuminate\\Console\\Command->execute()
#29 D:\\laravel\\School Managment System\\vendor\\laravel\\framework\\src\\Illuminate\\Console\\Command.php(182): Symfony\\Component\\Console\\Command\\Command->run()
#30 D:\\laravel\\School Managment System\\vendor\\laravel\\framework\\src\\Illuminate\\Console\\Concerns\\CallsCommands.php(68): Illuminate\\Console\\Command->run()
#31 D:\\laravel\\School Managment System\\vendor\\laravel\\framework\\src\\Illuminate\\Console\\Concerns\\CallsCommands.php(29): Illuminate\\Console\\Command->runCommand()
#32 D:\\laravel\\School Managment System\\vendor\\laravel\\framework\\src\\Illuminate\\Database\\Console\\Migrations\\FreshCommand.php(82): Illuminate\\Console\\Command->call()
#33 D:\\laravel\\School Managment System\\vendor\\laravel\\framework\\src\\Illuminate\\Container\\BoundMethod.php(36): Illuminate\\Database\\Console\\Migrations\\FreshCommand->handle()
#34 D:\\laravel\\School Managment System\\vendor\\laravel\\framework\\src\\Illuminate\\Container\\Util.php(43): Illuminate\\Container\\BoundMethod::Illuminate\\Container\\{closure}()
#35 D:\\laravel\\School Managment System\\vendor\\laravel\\framework\\src\\Illuminate\\Container\\BoundMethod.php(95): Illuminate\\Container\\Util::unwrapIfClosure()
#36 D:\\laravel\\School Managment System\\vendor\\laravel\\framework\\src\\Illuminate\\Container\\BoundMethod.php(35): Illuminate\\Container\\BoundMethod::callBoundMethod()
#37 D:\\laravel\\School Managment System\\vendor\\laravel\\framework\\src\\Illuminate\\Container\\Container.php(696): Illuminate\\Container\\BoundMethod::call()
#38 D:\\laravel\\School Managment System\\vendor\\laravel\\framework\\src\\Illuminate\\Console\\Command.php(213): Illuminate\\Container\\Container->call()
#39 D:\\laravel\\School Managment System\\vendor\\symfony\\console\\Command\\Command.php(318): Illuminate\\Console\\Command->execute()
#40 D:\\laravel\\School Managment System\\vendor\\laravel\\framework\\src\\Illuminate\\Console\\Command.php(182): Symfony\\Component\\Console\\Command\\Command->run()
#41 D:\\laravel\\School Managment System\\vendor\\symfony\\console\\Application.php(1073): Illuminate\\Console\\Command->run()
#42 D:\\laravel\\School Managment System\\vendor\\symfony\\console\\Application.php(356): Symfony\\Component\\Console\\Application->doRunCommand()
#43 D:\\laravel\\School Managment System\\vendor\\symfony\\console\\Application.php(195): Symfony\\Component\\Console\\Application->doRun()
#44 D:\\laravel\\School Managment System\\vendor\\laravel\\framework\\src\\Illuminate\\Foundation\\Console\\Kernel.php(198): Symfony\\Component\\Console\\Application->run()
#45 D:\\laravel\\School Managment System\\vendor\\laravel\\framework\\src\\Illuminate\\Foundation\\Application.php(1235): Illuminate\\Foundation\\Console\\Kernel->handle()
#46 D:\\laravel\\School Managment System\\artisan(13): Illuminate\\Foundation\\Application->handleCommand()
#47 {main}
"} 
[2026-04-20 19:46:14] local.ERROR: SQLSTATE[42000]: Syntax error or access violation: 1064 You have an error in your SQL syntax; check the manual that corresponds to your MariaDB server version for the right syntax to use near 'after `email_verified_at`, `verification_expires_at` timestamp null after `ve...' at line 1 (Connection: mysql, SQL: create table `users` (`id` bigint unsigned not null auto_increment primary key, `email` varchar(255) not null, `password` varchar(255) not null, `role` enum('teacher', 'student', 'guardian') not null, `phone` varchar(255) null, `device_token` varchar(255) null, `is_active` tinyint(1) not null default '0', `email_verified_at` timestamp null, `last_login_at` timestamp null, `last_login_ip` varchar(255) null, `teacher_id` bigint unsigned null, `student_id` bigint unsigned null, `guardian_id` bigint unsigned null, `remember_token` varchar(100) null, `created_at` timestamp null, `updated_at` timestamp null, `deleted_at` timestamp null, `verification_code` varchar(6) null after `email_verified_at`, `verification_expires_at` timestamp null after `verification_code`, `password_changed_at` timestamp null after `password`, `failed_attempts` int not null default '0' after `password_changed_at`, `locked_until` timestamp null after `failed_attempts`, `active_tokens` json null after `device_token`, `force_logout` tinyint(1) not null default '0' after `active_tokens`, `force_logout_at` timestamp null after `force_logout`) default character set utf8mb4 collate 'utf8mb4_unicode_ci') {"exception":"[object] (Illuminate\\Database\\QueryException(code: 42000): SQLSTATE[42000]: Syntax error or access violation: 1064 You have an error in your SQL syntax; check the manual that corresponds to your MariaDB server version for the right syntax to use near 'after `email_verified_at`, `verification_expires_at` timestamp null after `ve...' at line 1 (Connection: mysql, SQL: create table `users` (`id` bigint unsigned not null auto_increment primary key, `email` varchar(255) not null, `password` varchar(255) not null, `role` enum('teacher', 'student', 'guardian') not null, `phone` varchar(255) null, `device_token` varchar(255) null, `is_active` tinyint(1) not null default '0', `email_verified_at` timestamp null, `last_login_at` timestamp null, `last_login_ip` varchar(255) null, `teacher_id` bigint unsigned null, `student_id` bigint unsigned null, `guardian_id` bigint unsigned null, `remember_token` varchar(100) null, `created_at` timestamp null, `updated_at` timestamp null, `deleted_at` timestamp null, `verification_code` varchar(6) null after `email_verified_at`, `verification_expires_at` timestamp null after `verification_code`, `password_changed_at` timestamp null after `password`, `failed_attempts` int not null default '0' after `password_changed_at`, `locked_until` timestamp null after `failed_attempts`, `active_tokens` json null after `device_token`, `force_logout` tinyint(1) not null default '0' after `active_tokens`, `force_logout_at` timestamp null after `force_logout`) default character set utf8mb4 collate 'utf8mb4_unicode_ci') at D:\\laravel\\School Managment System\\vendor\\laravel\\framework\\src\\Illuminate\\Database\\Connection.php:825)
[stacktrace]
#0 D:\\laravel\\School Managment System\\vendor\\laravel\\framework\\src\\Illuminate\\Database\\Connection.php(779): Illuminate\\Database\\Connection->runQueryCallback()
#1 D:\\laravel\\School Managment System\\vendor\\laravel\\framework\\src\\Illuminate\\Database\\Connection.php(560): Illuminate\\Database\\Connection->run()
#2 D:\\laravel\\School Managment System\\vendor\\laravel\\framework\\src\\Illuminate\\Database\\Schema\\Blueprint.php(118): Illuminate\\Database\\Connection->statement()
#3 D:\\laravel\\School Managment System\\vendor\\laravel\\framework\\src\\Illuminate\\Database\\Schema\\Builder.php(564): Illuminate\\Database\\Schema\\Blueprint->build()
#4 D:\\laravel\\School Managment System\\vendor\\laravel\\framework\\src\\Illuminate\\Database\\Schema\\Builder.php(418): Illuminate\\Database\\Schema\\Builder->build()
#5 D:\\laravel\\School Managment System\\vendor\\laravel\\framework\\src\\Illuminate\\Support\\Facades\\Facade.php(361): Illuminate\\Database\\Schema\\Builder->create()
#6 D:\\laravel\\School Managment System\\database\\migrations\\0001_01_01_000000_create_users_table.php(12): Illuminate\\Support\\Facades\\Facade::__callStatic()
#7 D:\\laravel\\School Managment System\\vendor\\laravel\\framework\\src\\Illuminate\\Database\\Migrations\\Migrator.php(507): Illuminate\\Database\\Migrations\\Migration@anonymous->up()
#8 D:\\laravel\\School Managment System\\vendor\\laravel\\framework\\src\\Illuminate\\Database\\Migrations\\Migrator.php(432): Illuminate\\Database\\Migrations\\Migrator->runMethod()
#9 D:\\laravel\\School Managment System\\vendor\\laravel\\framework\\src\\Illuminate\\Database\\Migrations\\Migrator.php(441): Illuminate\\Database\\Migrations\\Migrator->Illuminate\\Database\\Migrations\\{closure}()
#10 D:\\laravel\\School Managment System\\vendor\\laravel\\framework\\src\\Illuminate\\Database\\Migrations\\Migrator.php(244): Illuminate\\Database\\Migrations\\Migrator->runMigration()
#11 D:\\laravel\\School Managment System\\vendor\\laravel\\framework\\src\\Illuminate\\Console\\View\\Components\\Task.php(40): Illuminate\\Database\\Migrations\\Migrator->Illuminate\\Database\\Migrations\\{closure}()
#12 D:\\laravel\\School Managment System\\vendor\\laravel\\framework\\src\\Illuminate\\Database\\Migrations\\Migrator.php(798): Illuminate\\Console\\View\\Components\\Task->render()
#13 D:\\laravel\\School Managment System\\vendor\\laravel\\framework\\src\\Illuminate\\Database\\Migrations\\Migrator.php(244): Illuminate\\Database\\Migrations\\Migrator->write()
#14 D:\\laravel\\School Managment System\\vendor\\laravel\\framework\\src\\Illuminate\\Database\\Migrations\\Migrator.php(211): Illuminate\\Database\\Migrations\\Migrator->runUp()
#15 D:\\laravel\\School Managment System\\vendor\\laravel\\framework\\src\\Illuminate\\Database\\Migrations\\Migrator.php(138): Illuminate\\Database\\Migrations\\Migrator->runPending()
#16 D:\\laravel\\School Managment System\\vendor\\laravel\\framework\\src\\Illuminate\\Database\\Console\\Migrations\\MigrateCommand.php(117): Illuminate\\Database\\Migrations\\Migrator->run()
#17 D:\\laravel\\School Managment System\\vendor\\laravel\\framework\\src\\Illuminate\\Database\\Migrations\\Migrator.php(658): Illuminate\\Database\\Console\\Migrations\\MigrateCommand->Illuminate\\Database\\Console\\Migrations\\{closure}()
#18 D:\\laravel\\School Managment System\\vendor\\laravel\\framework\\src\\Illuminate\\Database\\Console\\Migrations\\MigrateCommand.php(110): Illuminate\\Database\\Migrations\\Migrator->usingConnection()
#19 D:\\laravel\\School Managment System\\vendor\\laravel\\framework\\src\\Illuminate\\Database\\Console\\Migrations\\MigrateCommand.php(89): Illuminate\\Database\\Console\\Migrations\\MigrateCommand->runMigrations()
#20 D:\\laravel\\School Managment System\\vendor\\laravel\\framework\\src\\Illuminate\\Container\\BoundMethod.php(36): Illuminate\\Database\\Console\\Migrations\\MigrateCommand->handle()
#21 D:\\laravel\\School Managment System\\vendor\\laravel\\framework\\src\\Illuminate\\Container\\Util.php(43): Illuminate\\Container\\BoundMethod::Illuminate\\Container\\{closure}()
#22 D:\\laravel\\School Managment System\\vendor\\laravel\\framework\\src\\Illuminate\\Container\\BoundMethod.php(95): Illuminate\\Container\\Util::unwrapIfClosure()
#23 D:\\laravel\\School Managment System\\vendor\\laravel\\framework\\src\\Illuminate\\Container\\BoundMethod.php(35): Illuminate\\Container\\BoundMethod::callBoundMethod()
#24 D:\\laravel\\School Managment System\\vendor\\laravel\\framework\\src\\Illuminate\\Container\\Container.php(696): Illuminate\\Container\\BoundMethod::call()
#25 D:\\laravel\\School Managment System\\vendor\\laravel\\framework\\src\\Illuminate\\Console\\Command.php(213): Illuminate\\Container\\Container->call()
#26 D:\\laravel\\School Managment System\\vendor\\symfony\\console\\Command\\Command.php(318): Illuminate\\Console\\Command->execute()
#27 D:\\laravel\\School Managment System\\vendor\\laravel\\framework\\src\\Illuminate\\Console\\Command.php(182): Symfony\\Component\\Console\\Command\\Command->run()
#28 D:\\laravel\\School Managment System\\vendor\\symfony\\console\\Application.php(1073): Illuminate\\Console\\Command->run()
#29 D:\\laravel\\School Managment System\\vendor\\symfony\\console\\Application.php(356): Symfony\\Component\\Console\\Application->doRunCommand()
#30 D:\\laravel\\School Managment System\\vendor\\symfony\\console\\Application.php(195): Symfony\\Component\\Console\\Application->doRun()
#31 D:\\laravel\\School Managment System\\vendor\\laravel\\framework\\src\\Illuminate\\Foundation\\Console\\Kernel.php(198): Symfony\\Component\\Console\\Application->run()
#32 D:\\laravel\\School Managment System\\vendor\\laravel\\framework\\src\\Illuminate\\Foundation\\Application.php(1235): Illuminate\\Foundation\\Console\\Kernel->handle()
#33 D:\\laravel\\School Managment System\\artisan(13): Illuminate\\Foundation\\Application->handleCommand()
#34 {main}

[previous exception] [object] (PDOException(code: 42000): SQLSTATE[42000]: Syntax error or access violation: 1064 You have an error in your SQL syntax; check the manual that corresponds to your MariaDB server version for the right syntax to use near 'after `email_verified_at`, `verification_expires_at` timestamp null after `ve...' at line 1 at D:\\laravel\\School Managment System\\vendor\\laravel\\framework\\src\\Illuminate\\Database\\Connection.php:565)
[stacktrace]
#0 D:\\laravel\\School Managment System\\vendor\\laravel\\framework\\src\\Illuminate\\Database\\Connection.php(565): PDO->prepare()
#1 D:\\laravel\\School Managment System\\vendor\\laravel\\framework\\src\\Illuminate\\Database\\Connection.php(812): Illuminate\\Database\\Connection->Illuminate\\Database\\{closure}()
#2 D:\\laravel\\School Managment System\\vendor\\laravel\\framework\\src\\Illuminate\\Database\\Connection.php(779): Illuminate\\Database\\Connection->runQueryCallback()
#3 D:\\laravel\\School Managment System\\vendor\\laravel\\framework\\src\\Illuminate\\Database\\Connection.php(560): Illuminate\\Database\\Connection->run()
#4 D:\\laravel\\School Managment System\\vendor\\laravel\\framework\\src\\Illuminate\\Database\\Schema\\Blueprint.php(118): Illuminate\\Database\\Connection->statement()
#5 D:\\laravel\\School Managment System\\vendor\\laravel\\framework\\src\\Illuminate\\Database\\Schema\\Builder.php(564): Illuminate\\Database\\Schema\\Blueprint->build()
#6 D:\\laravel\\School Managment System\\vendor\\laravel\\framework\\src\\Illuminate\\Database\\Schema\\Builder.php(418): Illuminate\\Database\\Schema\\Builder->build()
#7 D:\\laravel\\School Managment System\\vendor\\laravel\\framework\\src\\Illuminate\\Support\\Facades\\Facade.php(361): Illuminate\\Database\\Schema\\Builder->create()
#8 D:\\laravel\\School Managment System\\database\\migrations\\0001_01_01_000000_create_users_table.php(12): Illuminate\\Support\\Facades\\Facade::__callStatic()
#9 D:\\laravel\\School Managment System\\vendor\\laravel\\framework\\src\\Illuminate\\Database\\Migrations\\Migrator.php(507): Illuminate\\Database\\Migrations\\Migration@anonymous->up()
#10 D:\\laravel\\School Managment System\\vendor\\laravel\\framework\\src\\Illuminate\\Database\\Migrations\\Migrator.php(432): Illuminate\\Database\\Migrations\\Migrator->runMethod()
#11 D:\\laravel\\School Managment System\\vendor\\laravel\\framework\\src\\Illuminate\\Database\\Migrations\\Migrator.php(441): Illuminate\\Database\\Migrations\\Migrator->Illuminate\\Database\\Migrations\\{closure}()
#12 D:\\laravel\\School Managment System\\vendor\\laravel\\framework\\src\\Illuminate\\Database\\Migrations\\Migrator.php(244): Illuminate\\Database\\Migrations\\Migrator->runMigration()
#13 D:\\laravel\\School Managment System\\vendor\\laravel\\framework\\src\\Illuminate\\Console\\View\\Components\\Task.php(40): Illuminate\\Database\\Migrations\\Migrator->Illuminate\\Database\\Migrations\\{closure}()
#14 D:\\laravel\\School Managment System\\vendor\\laravel\\framework\\src\\Illuminate\\Database\\Migrations\\Migrator.php(798): Illuminate\\Console\\View\\Components\\Task->render()
#15 D:\\laravel\\School Managment System\\vendor\\laravel\\framework\\src\\Illuminate\\Database\\Migrations\\Migrator.php(244): Illuminate\\Database\\Migrations\\Migrator->write()
#16 D:\\laravel\\School Managment System\\vendor\\laravel\\framework\\src\\Illuminate\\Database\\Migrations\\Migrator.php(211): Illuminate\\Database\\Migrations\\Migrator->runUp()
#17 D:\\laravel\\School Managment System\\vendor\\laravel\\framework\\src\\Illuminate\\Database\\Migrations\\Migrator.php(138): Illuminate\\Database\\Migrations\\Migrator->runPending()
#18 D:\\laravel\\School Managment System\\vendor\\laravel\\framework\\src\\Illuminate\\Database\\Console\\Migrations\\MigrateCommand.php(117): Illuminate\\Database\\Migrations\\Migrator->run()
#19 D:\\laravel\\School Managment System\\vendor\\laravel\\framework\\src\\Illuminate\\Database\\Migrations\\Migrator.php(658): Illuminate\\Database\\Console\\Migrations\\MigrateCommand->Illuminate\\Database\\Console\\Migrations\\{closure}()
#20 D:\\laravel\\School Managment System\\vendor\\laravel\\framework\\src\\Illuminate\\Database\\Console\\Migrations\\MigrateCommand.php(110): Illuminate\\Database\\Migrations\\Migrator->usingConnection()
#21 D:\\laravel\\School Managment System\\vendor\\laravel\\framework\\src\\Illuminate\\Database\\Console\\Migrations\\MigrateCommand.php(89): Illuminate\\Database\\Console\\Migrations\\MigrateCommand->runMigrations()
#22 D:\\laravel\\School Managment System\\vendor\\laravel\\framework\\src\\Illuminate\\Container\\BoundMethod.php(36): Illuminate\\Database\\Console\\Migrations\\MigrateCommand->handle()
#23 D:\\laravel\\School Managment System\\vendor\\laravel\\framework\\src\\Illuminate\\Container\\Util.php(43): Illuminate\\Container\\BoundMethod::Illuminate\\Container\\{closure}()
#24 D:\\laravel\\School Managment System\\vendor\\laravel\\framework\\src\\Illuminate\\Container\\BoundMethod.php(95): Illuminate\\Container\\Util::unwrapIfClosure()
#25 D:\\laravel\\School Managment System\\vendor\\laravel\\framework\\src\\Illuminate\\Container\\BoundMethod.php(35): Illuminate\\Container\\BoundMethod::callBoundMethod()
#26 D:\\laravel\\School Managment System\\vendor\\laravel\\framework\\src\\Illuminate\\Container\\Container.php(696): Illuminate\\Container\\BoundMethod::call()
#27 D:\\laravel\\School Managment System\\vendor\\laravel\\framework\\src\\Illuminate\\Console\\Command.php(213): Illuminate\\Container\\Container->call()
#28 D:\\laravel\\School Managment System\\vendor\\symfony\\console\\Command\\Command.php(318): Illuminate\\Console\\Command->execute()
#29 D:\\laravel\\School Managment System\\vendor\\laravel\\framework\\src\\Illuminate\\Console\\Command.php(182): Symfony\\Component\\Console\\Command\\Command->run()
#30 D:\\laravel\\School Managment System\\vendor\\symfony\\console\\Application.php(1073): Illuminate\\Console\\Command->run()
#31 D:\\laravel\\School Managment System\\vendor\\symfony\\console\\Application.php(356): Symfony\\Component\\Console\\Application->doRunCommand()
#32 D:\\laravel\\School Managment System\\vendor\\symfony\\console\\Application.php(195): Symfony\\Component\\Console\\Application->doRun()
#33 D:\\laravel\\School Managment System\\vendor\\laravel\\framework\\src\\Illuminate\\Foundation\\Console\\Kernel.php(198): Symfony\\Component\\Console\\Application->run()
#34 D:\\laravel\\School Managment System\\vendor\\laravel\\framework\\src\\Illuminate\\Foundation\\Application.php(1235): Illuminate\\Foundation\\Console\\Kernel->handle()
#35 D:\\laravel\\School Managment System\\artisan(13): Illuminate\\Foundation\\Application->handleCommand()
#36 {main}
"} 
[2026-04-20 19:47:06] local.ERROR: SQLSTATE[42000]: Syntax error or access violation: 1064 You have an error in your SQL syntax; check the manual that corresponds to your MariaDB server version for the right syntax to use near 'after `email_verified_at`, `verification_expires_at` timestamp null after `ve...' at line 1 (Connection: mysql, SQL: create table `users` (`id` bigint unsigned not null auto_increment primary key, `email` varchar(255) not null, `password` varchar(255) not null, `role` enum('teacher', 'student', 'guardian') not null, `phone` varchar(255) null, `device_token` varchar(255) null, `is_active` tinyint(1) not null default '0', `email_verified_at` timestamp null, `last_login_at` timestamp null, `last_login_ip` varchar(255) null, `teacher_id` bigint unsigned null, `student_id` bigint unsigned null, `guardian_id` bigint unsigned null, `remember_token` varchar(100) null, `created_at` timestamp null, `updated_at` timestamp null, `deleted_at` timestamp null, `verification_code` varchar(6) null after `email_verified_at`, `verification_expires_at` timestamp null after `verification_code`, `password_changed_at` timestamp null after `password`, `failed_attempts` int not null default '0' after `password_changed_at`, `locked_until` timestamp null after `failed_attempts`, `active_tokens` json null after `device_token`, `force_logout` tinyint(1) not null default '0' after `active_tokens`, `force_logout_at` timestamp null after `force_logout`) default character set utf8mb4 collate 'utf8mb4_unicode_ci') {"exception":"[object] (Illuminate\\Database\\QueryException(code: 42000): SQLSTATE[42000]: Syntax error or access violation: 1064 You have an error in your SQL syntax; check the manual that corresponds to your MariaDB server version for the right syntax to use near 'after `email_verified_at`, `verification_expires_at` timestamp null after `ve...' at line 1 (Connection: mysql, SQL: create table `users` (`id` bigint unsigned not null auto_increment primary key, `email` varchar(255) not null, `password` varchar(255) not null, `role` enum('teacher', 'student', 'guardian') not null, `phone` varchar(255) null, `device_token` varchar(255) null, `is_active` tinyint(1) not null default '0', `email_verified_at` timestamp null, `last_login_at` timestamp null, `last_login_ip` varchar(255) null, `teacher_id` bigint unsigned null, `student_id` bigint unsigned null, `guardian_id` bigint unsigned null, `remember_token` varchar(100) null, `created_at` timestamp null, `updated_at` timestamp null, `deleted_at` timestamp null, `verification_code` varchar(6) null after `email_verified_at`, `verification_expires_at` timestamp null after `verification_code`, `password_changed_at` timestamp null after `password`, `failed_attempts` int not null default '0' after `password_changed_at`, `locked_until` timestamp null after `failed_attempts`, `active_tokens` json null after `device_token`, `force_logout` tinyint(1) not null default '0' after `active_tokens`, `force_logout_at` timestamp null after `force_logout`) default character set utf8mb4 collate 'utf8mb4_unicode_ci') at D:\\laravel\\School Managment System\\vendor\\laravel\\framework\\src\\Illuminate\\Database\\Connection.php:825)
[stacktrace]
#0 D:\\laravel\\School Managment System\\vendor\\laravel\\framework\\src\\Illuminate\\Database\\Connection.php(779): Illuminate\\Database\\Connection->runQueryCallback()
#1 D:\\laravel\\School Managment System\\vendor\\laravel\\framework\\src\\Illuminate\\Database\\Connection.php(560): Illuminate\\Database\\Connection->run()
#2 D:\\laravel\\School Managment System\\vendor\\laravel\\framework\\src\\Illuminate\\Database\\Schema\\Blueprint.php(118): Illuminate\\Database\\Connection->statement()
#3 D:\\laravel\\School Managment System\\vendor\\laravel\\framework\\src\\Illuminate\\Database\\Schema\\Builder.php(564): Illuminate\\Database\\Schema\\Blueprint->build()
#4 D:\\laravel\\School Managment System\\vendor\\laravel\\framework\\src\\Illuminate\\Database\\Schema\\Builder.php(418): Illuminate\\Database\\Schema\\Builder->build()
#5 D:\\laravel\\School Managment System\\vendor\\laravel\\framework\\src\\Illuminate\\Support\\Facades\\Facade.php(361): Illuminate\\Database\\Schema\\Builder->create()
#6 D:\\laravel\\School Managment System\\database\\migrations\\0001_01_01_000000_create_users_table.php(12): Illuminate\\Support\\Facades\\Facade::__callStatic()
#7 D:\\laravel\\School Managment System\\vendor\\laravel\\framework\\src\\Illuminate\\Database\\Migrations\\Migrator.php(507): Illuminate\\Database\\Migrations\\Migration@anonymous->up()
#8 D:\\laravel\\School Managment System\\vendor\\laravel\\framework\\src\\Illuminate\\Database\\Migrations\\Migrator.php(432): Illuminate\\Database\\Migrations\\Migrator->runMethod()
#9 D:\\laravel\\School Managment System\\vendor\\laravel\\framework\\src\\Illuminate\\Database\\Migrations\\Migrator.php(441): Illuminate\\Database\\Migrations\\Migrator->Illuminate\\Database\\Migrations\\{closure}()
#10 D:\\laravel\\School Managment System\\vendor\\laravel\\framework\\src\\Illuminate\\Database\\Migrations\\Migrator.php(244): Illuminate\\Database\\Migrations\\Migrator->runMigration()
#11 D:\\laravel\\School Managment System\\vendor\\laravel\\framework\\src\\Illuminate\\Console\\View\\Components\\Task.php(40): Illuminate\\Database\\Migrations\\Migrator->Illuminate\\Database\\Migrations\\{closure}()
#12 D:\\laravel\\School Managment System\\vendor\\laravel\\framework\\src\\Illuminate\\Database\\Migrations\\Migrator.php(798): Illuminate\\Console\\View\\Components\\Task->render()
#13 D:\\laravel\\School Managment System\\vendor\\laravel\\framework\\src\\Illuminate\\Database\\Migrations\\Migrator.php(244): Illuminate\\Database\\Migrations\\Migrator->write()
#14 D:\\laravel\\School Managment System\\vendor\\laravel\\framework\\src\\Illuminate\\Database\\Migrations\\Migrator.php(211): Illuminate\\Database\\Migrations\\Migrator->runUp()
#15 D:\\laravel\\School Managment System\\vendor\\laravel\\framework\\src\\Illuminate\\Database\\Migrations\\Migrator.php(138): Illuminate\\Database\\Migrations\\Migrator->runPending()
#16 D:\\laravel\\School Managment System\\vendor\\laravel\\framework\\src\\Illuminate\\Database\\Console\\Migrations\\MigrateCommand.php(117): Illuminate\\Database\\Migrations\\Migrator->run()
#17 D:\\laravel\\School Managment System\\vendor\\laravel\\framework\\src\\Illuminate\\Database\\Migrations\\Migrator.php(658): Illuminate\\Database\\Console\\Migrations\\MigrateCommand->Illuminate\\Database\\Console\\Migrations\\{closure}()
#18 D:\\laravel\\School Managment System\\vendor\\laravel\\framework\\src\\Illuminate\\Database\\Console\\Migrations\\MigrateCommand.php(110): Illuminate\\Database\\Migrations\\Migrator->usingConnection()
#19 D:\\laravel\\School Managment System\\vendor\\laravel\\framework\\src\\Illuminate\\Database\\Console\\Migrations\\MigrateCommand.php(89): Illuminate\\Database\\Console\\Migrations\\MigrateCommand->runMigrations()
#20 D:\\laravel\\School Managment System\\vendor\\laravel\\framework\\src\\Illuminate\\Container\\BoundMethod.php(36): Illuminate\\Database\\Console\\Migrations\\MigrateCommand->handle()
#21 D:\\laravel\\School Managment System\\vendor\\laravel\\framework\\src\\Illuminate\\Container\\Util.php(43): Illuminate\\Container\\BoundMethod::Illuminate\\Container\\{closure}()
#22 D:\\laravel\\School Managment System\\vendor\\laravel\\framework\\src\\Illuminate\\Container\\BoundMethod.php(95): Illuminate\\Container\\Util::unwrapIfClosure()
#23 D:\\laravel\\School Managment System\\vendor\\laravel\\framework\\src\\Illuminate\\Container\\BoundMethod.php(35): Illuminate\\Container\\BoundMethod::callBoundMethod()
#24 D:\\laravel\\School Managment System\\vendor\\laravel\\framework\\src\\Illuminate\\Container\\Container.php(696): Illuminate\\Container\\BoundMethod::call()
#25 D:\\laravel\\School Managment System\\vendor\\laravel\\framework\\src\\Illuminate\\Console\\Command.php(213): Illuminate\\Container\\Container->call()
#26 D:\\laravel\\School Managment System\\vendor\\symfony\\console\\Command\\Command.php(318): Illuminate\\Console\\Command->execute()
#27 D:\\laravel\\School Managment System\\vendor\\laravel\\framework\\src\\Illuminate\\Console\\Command.php(182): Symfony\\Component\\Console\\Command\\Command->run()
#28 D:\\laravel\\School Managment System\\vendor\\symfony\\console\\Application.php(1073): Illuminate\\Console\\Command->run()
#29 D:\\laravel\\School Managment System\\vendor\\symfony\\console\\Application.php(356): Symfony\\Component\\Console\\Application->doRunCommand()
#30 D:\\laravel\\School Managment System\\vendor\\symfony\\console\\Application.php(195): Symfony\\Component\\Console\\Application->doRun()
#31 D:\\laravel\\School Managment System\\vendor\\laravel\\framework\\src\\Illuminate\\Foundation\\Console\\Kernel.php(198): Symfony\\Component\\Console\\Application->run()
#32 D:\\laravel\\School Managment System\\vendor\\laravel\\framework\\src\\Illuminate\\Foundation\\Application.php(1235): Illuminate\\Foundation\\Console\\Kernel->handle()
#33 D:\\laravel\\School Managment System\\artisan(13): Illuminate\\Foundation\\Application->handleCommand()
#34 {main}

[previous exception] [object] (PDOException(code: 42000): SQLSTATE[42000]: Syntax error or access violation: 1064 You have an error in your SQL syntax; check the manual that corresponds to your MariaDB server version for the right syntax to use near 'after `email_verified_at`, `verification_expires_at` timestamp null after `ve...' at line 1 at D:\\laravel\\School Managment System\\vendor\\laravel\\framework\\src\\Illuminate\\Database\\Connection.php:565)
[stacktrace]
#0 D:\\laravel\\School Managment System\\vendor\\laravel\\framework\\src\\Illuminate\\Database\\Connection.php(565): PDO->prepare()
#1 D:\\laravel\\School Managment System\\vendor\\laravel\\framework\\src\\Illuminate\\Database\\Connection.php(812): Illuminate\\Database\\Connection->Illuminate\\Database\\{closure}()
#2 D:\\laravel\\School Managment System\\vendor\\laravel\\framework\\src\\Illuminate\\Database\\Connection.php(779): Illuminate\\Database\\Connection->runQueryCallback()
#3 D:\\laravel\\School Managment System\\vendor\\laravel\\framework\\src\\Illuminate\\Database\\Connection.php(560): Illuminate\\Database\\Connection->run()
#4 D:\\laravel\\School Managment System\\vendor\\laravel\\framework\\src\\Illuminate\\Database\\Schema\\Blueprint.php(118): Illuminate\\Database\\Connection->statement()
#5 D:\\laravel\\School Managment System\\vendor\\laravel\\framework\\src\\Illuminate\\Database\\Schema\\Builder.php(564): Illuminate\\Database\\Schema\\Blueprint->build()
#6 D:\\laravel\\School Managment System\\vendor\\laravel\\framework\\src\\Illuminate\\Database\\Schema\\Builder.php(418): Illuminate\\Database\\Schema\\Builder->build()
#7 D:\\laravel\\School Managment System\\vendor\\laravel\\framework\\src\\Illuminate\\Support\\Facades\\Facade.php(361): Illuminate\\Database\\Schema\\Builder->create()
#8 D:\\laravel\\School Managment System\\database\\migrations\\0001_01_01_000000_create_users_table.php(12): Illuminate\\Support\\Facades\\Facade::__callStatic()
#9 D:\\laravel\\School Managment System\\vendor\\laravel\\framework\\src\\Illuminate\\Database\\Migrations\\Migrator.php(507): Illuminate\\Database\\Migrations\\Migration@anonymous->up()
#10 D:\\laravel\\School Managment System\\vendor\\laravel\\framework\\src\\Illuminate\\Database\\Migrations\\Migrator.php(432): Illuminate\\Database\\Migrations\\Migrator->runMethod()
#11 D:\\laravel\\School Managment System\\vendor\\laravel\\framework\\src\\Illuminate\\Database\\Migrations\\Migrator.php(441): Illuminate\\Database\\Migrations\\Migrator->Illuminate\\Database\\Migrations\\{closure}()
#12 D:\\laravel\\School Managment System\\vendor\\laravel\\framework\\src\\Illuminate\\Database\\Migrations\\Migrator.php(244): Illuminate\\Database\\Migrations\\Migrator->runMigration()
#13 D:\\laravel\\School Managment System\\vendor\\laravel\\framework\\src\\Illuminate\\Console\\View\\Components\\Task.php(40): Illuminate\\Database\\Migrations\\Migrator->Illuminate\\Database\\Migrations\\{closure}()
#14 D:\\laravel\\School Managment System\\vendor\\laravel\\framework\\src\\Illuminate\\Database\\Migrations\\Migrator.php(798): Illuminate\\Console\\View\\Components\\Task->render()
#15 D:\\laravel\\School Managment System\\vendor\\laravel\\framework\\src\\Illuminate\\Database\\Migrations\\Migrator.php(244): Illuminate\\Database\\Migrations\\Migrator->write()
#16 D:\\laravel\\School Managment System\\vendor\\laravel\\framework\\src\\Illuminate\\Database\\Migrations\\Migrator.php(211): Illuminate\\Database\\Migrations\\Migrator->runUp()
#17 D:\\laravel\\School Managment System\\vendor\\laravel\\framework\\src\\Illuminate\\Database\\Migrations\\Migrator.php(138): Illuminate\\Database\\Migrations\\Migrator->runPending()
#18 D:\\laravel\\School Managment System\\vendor\\laravel\\framework\\src\\Illuminate\\Database\\Console\\Migrations\\MigrateCommand.php(117): Illuminate\\Database\\Migrations\\Migrator->run()
#19 D:\\laravel\\School Managment System\\vendor\\laravel\\framework\\src\\Illuminate\\Database\\Migrations\\Migrator.php(658): Illuminate\\Database\\Console\\Migrations\\MigrateCommand->Illuminate\\Database\\Console\\Migrations\\{closure}()
#20 D:\\laravel\\School Managment System\\vendor\\laravel\\framework\\src\\Illuminate\\Database\\Console\\Migrations\\MigrateCommand.php(110): Illuminate\\Database\\Migrations\\Migrator->usingConnection()
#21 D:\\laravel\\School Managment System\\vendor\\laravel\\framework\\src\\Illuminate\\Database\\Console\\Migrations\\MigrateCommand.php(89): Illuminate\\Database\\Console\\Migrations\\MigrateCommand->runMigrations()
#22 D:\\laravel\\School Managment System\\vendor\\laravel\\framework\\src\\Illuminate\\Container\\BoundMethod.php(36): Illuminate\\Database\\Console\\Migrations\\MigrateCommand->handle()
#23 D:\\laravel\\School Managment System\\vendor\\laravel\\framework\\src\\Illuminate\\Container\\Util.php(43): Illuminate\\Container\\BoundMethod::Illuminate\\Container\\{closure}()
#24 D:\\laravel\\School Managment System\\vendor\\laravel\\framework\\src\\Illuminate\\Container\\BoundMethod.php(95): Illuminate\\Container\\Util::unwrapIfClosure()
#25 D:\\laravel\\School Managment System\\vendor\\laravel\\framework\\src\\Illuminate\\Container\\BoundMethod.php(35): Illuminate\\Container\\BoundMethod::callBoundMethod()
#26 D:\\laravel\\School Managment System\\vendor\\laravel\\framework\\src\\Illuminate\\Container\\Container.php(696): Illuminate\\Container\\BoundMethod::call()
#27 D:\\laravel\\School Managment System\\vendor\\laravel\\framework\\src\\Illuminate\\Console\\Command.php(213): Illuminate\\Container\\Container->call()
#28 D:\\laravel\\School Managment System\\vendor\\symfony\\console\\Command\\Command.php(318): Illuminate\\Console\\Command->execute()
#29 D:\\laravel\\School Managment System\\vendor\\laravel\\framework\\src\\Illuminate\\Console\\Command.php(182): Symfony\\Component\\Console\\Command\\Command->run()
#30 D:\\laravel\\School Managment System\\vendor\\symfony\\console\\Application.php(1073): Illuminate\\Console\\Command->run()
#31 D:\\laravel\\School Managment System\\vendor\\symfony\\console\\Application.php(356): Symfony\\Component\\Console\\Application->doRunCommand()
#32 D:\\laravel\\School Managment System\\vendor\\symfony\\console\\Application.php(195): Symfony\\Component\\Console\\Application->doRun()
#33 D:\\laravel\\School Managment System\\vendor\\laravel\\framework\\src\\Illuminate\\Foundation\\Console\\Kernel.php(198): Symfony\\Component\\Console\\Application->run()
#34 D:\\laravel\\School Managment System\\vendor\\laravel\\framework\\src\\Illuminate\\Foundation\\Application.php(1235): Illuminate\\Foundation\\Console\\Kernel->handle()
#35 D:\\laravel\\School Managment System\\artisan(13): Illuminate\\Foundation\\Application->handleCommand()
#36 {main}
"} 
[2026-04-20 19:50:32] local.ERROR: SQLSTATE[42S02]: Base table or view not found: 1146 Table 'school_management_system.cache' doesn't exist (Connection: mysql, SQL: delete from `cache`) {"exception":"[object] (Illuminate\\Database\\QueryException(code: 42S02): SQLSTATE[42S02]: Base table or view not found: 1146 Table 'school_management_system.cache' doesn't exist (Connection: mysql, SQL: delete from `cache`) at D:\\laravel\\School Managment System\\vendor\\laravel\\framework\\src\\Illuminate\\Database\\Connection.php:825)
[stacktrace]
#0 D:\\laravel\\School Managment System\\vendor\\laravel\\framework\\src\\Illuminate\\Database\\Connection.php(779): Illuminate\\Database\\Connection->runQueryCallback()
#1 D:\\laravel\\School Managment System\\vendor\\laravel\\framework\\src\\Illuminate\\Database\\Connection.php(584): Illuminate\\Database\\Connection->run()
#2 D:\\laravel\\School Managment System\\vendor\\laravel\\framework\\src\\Illuminate\\Database\\Connection.php(548): Illuminate\\Database\\Connection->affectingStatement()
#3 D:\\laravel\\School Managment System\\vendor\\laravel\\framework\\src\\Illuminate\\Database\\Query\\Builder.php(4024): Illuminate\\Database\\Connection->delete()
#4 D:\\laravel\\School Managment System\\vendor\\laravel\\framework\\src\\Illuminate\\Cache\\DatabaseStore.php(422): Illuminate\\Database\\Query\\Builder->delete()
#5 D:\\laravel\\School Managment System\\vendor\\laravel\\framework\\src\\Illuminate\\Cache\\Repository.php(792): Illuminate\\Cache\\DatabaseStore->flush()
#6 D:\\laravel\\School Managment System\\vendor\\laravel\\framework\\src\\Illuminate\\Cache\\Console\\ClearCommand.php(69): Illuminate\\Cache\\Repository->__call()
#7 D:\\laravel\\School Managment System\\vendor\\laravel\\framework\\src\\Illuminate\\Container\\BoundMethod.php(36): Illuminate\\Cache\\Console\\ClearCommand->handle()
#8 D:\\laravel\\School Managment System\\vendor\\laravel\\framework\\src\\Illuminate\\Container\\Util.php(43): Illuminate\\Container\\BoundMethod::Illuminate\\Container\\{closure}()
#9 D:\\laravel\\School Managment System\\vendor\\laravel\\framework\\src\\Illuminate\\Container\\BoundMethod.php(95): Illuminate\\Container\\Util::unwrapIfClosure()
#10 D:\\laravel\\School Managment System\\vendor\\laravel\\framework\\src\\Illuminate\\Container\\BoundMethod.php(35): Illuminate\\Container\\BoundMethod::callBoundMethod()
#11 D:\\laravel\\School Managment System\\vendor\\laravel\\framework\\src\\Illuminate\\Container\\Container.php(696): Illuminate\\Container\\BoundMethod::call()
#12 D:\\laravel\\School Managment System\\vendor\\laravel\\framework\\src\\Illuminate\\Console\\Command.php(213): Illuminate\\Container\\Container->call()
#13 D:\\laravel\\School Managment System\\vendor\\symfony\\console\\Command\\Command.php(318): Illuminate\\Console\\Command->execute()
#14 D:\\laravel\\School Managment System\\vendor\\laravel\\framework\\src\\Illuminate\\Console\\Command.php(182): Symfony\\Component\\Console\\Command\\Command->run()
#15 D:\\laravel\\School Managment System\\vendor\\symfony\\console\\Application.php(1073): Illuminate\\Console\\Command->run()
#16 D:\\laravel\\School Managment System\\vendor\\symfony\\console\\Application.php(356): Symfony\\Component\\Console\\Application->doRunCommand()
#17 D:\\laravel\\School Managment System\\vendor\\symfony\\console\\Application.php(195): Symfony\\Component\\Console\\Application->doRun()
#18 D:\\laravel\\School Managment System\\vendor\\laravel\\framework\\src\\Illuminate\\Foundation\\Console\\Kernel.php(198): Symfony\\Component\\Console\\Application->run()
#19 D:\\laravel\\School Managment System\\vendor\\laravel\\framework\\src\\Illuminate\\Foundation\\Application.php(1235): Illuminate\\Foundation\\Console\\Kernel->handle()
#20 D:\\laravel\\School Managment System\\artisan(13): Illuminate\\Foundation\\Application->handleCommand()
#21 {main}

[previous exception] [object] (PDOException(code: 42S02): SQLSTATE[42S02]: Base table or view not found: 1146 Table 'school_management_system.cache' doesn't exist at D:\\laravel\\School Managment System\\vendor\\laravel\\framework\\src\\Illuminate\\Database\\Connection.php:592)
[stacktrace]
#0 D:\\laravel\\School Managment System\\vendor\\laravel\\framework\\src\\Illuminate\\Database\\Connection.php(592): PDO->prepare()
#1 D:\\laravel\\School Managment System\\vendor\\laravel\\framework\\src\\Illuminate\\Database\\Connection.php(812): Illuminate\\Database\\Connection->Illuminate\\Database\\{closure}()
#2 D:\\laravel\\School Managment System\\vendor\\laravel\\framework\\src\\Illuminate\\Database\\Connection.php(779): Illuminate\\Database\\Connection->runQueryCallback()
#3 D:\\laravel\\School Managment System\\vendor\\laravel\\framework\\src\\Illuminate\\Database\\Connection.php(584): Illuminate\\Database\\Connection->run()
#4 D:\\laravel\\School Managment System\\vendor\\laravel\\framework\\src\\Illuminate\\Database\\Connection.php(548): Illuminate\\Database\\Connection->affectingStatement()
#5 D:\\laravel\\School Managment System\\vendor\\laravel\\framework\\src\\Illuminate\\Database\\Query\\Builder.php(4024): Illuminate\\Database\\Connection->delete()
#6 D:\\laravel\\School Managment System\\vendor\\laravel\\framework\\src\\Illuminate\\Cache\\DatabaseStore.php(422): Illuminate\\Database\\Query\\Builder->delete()
#7 D:\\laravel\\School Managment System\\vendor\\laravel\\framework\\src\\Illuminate\\Cache\\Repository.php(792): Illuminate\\Cache\\DatabaseStore->flush()
#8 D:\\laravel\\School Managment System\\vendor\\laravel\\framework\\src\\Illuminate\\Cache\\Console\\ClearCommand.php(69): Illuminate\\Cache\\Repository->__call()
#9 D:\\laravel\\School Managment System\\vendor\\laravel\\framework\\src\\Illuminate\\Container\\BoundMethod.php(36): Illuminate\\Cache\\Console\\ClearCommand->handle()
#10 D:\\laravel\\School Managment System\\vendor\\laravel\\framework\\src\\Illuminate\\Container\\Util.php(43): Illuminate\\Container\\BoundMethod::Illuminate\\Container\\{closure}()
#11 D:\\laravel\\School Managment System\\vendor\\laravel\\framework\\src\\Illuminate\\Container\\BoundMethod.php(95): Illuminate\\Container\\Util::unwrapIfClosure()
#12 D:\\laravel\\School Managment System\\vendor\\laravel\\framework\\src\\Illuminate\\Container\\BoundMethod.php(35): Illuminate\\Container\\BoundMethod::callBoundMethod()
#13 D:\\laravel\\School Managment System\\vendor\\laravel\\framework\\src\\Illuminate\\Container\\Container.php(696): Illuminate\\Container\\BoundMethod::call()
#14 D:\\laravel\\School Managment System\\vendor\\laravel\\framework\\src\\Illuminate\\Console\\Command.php(213): Illuminate\\Container\\Container->call()
#15 D:\\laravel\\School Managment System\\vendor\\symfony\\console\\Command\\Command.php(318): Illuminate\\Console\\Command->execute()
#16 D:\\laravel\\School Managment System\\vendor\\laravel\\framework\\src\\Illuminate\\Console\\Command.php(182): Symfony\\Component\\Console\\Command\\Command->run()
#17 D:\\laravel\\School Managment System\\vendor\\symfony\\console\\Application.php(1073): Illuminate\\Console\\Command->run()
#18 D:\\laravel\\School Managment System\\vendor\\symfony\\console\\Application.php(356): Symfony\\Component\\Console\\Application->doRunCommand()
#19 D:\\laravel\\School Managment System\\vendor\\symfony\\console\\Application.php(195): Symfony\\Component\\Console\\Application->doRun()
#20 D:\\laravel\\School Managment System\\vendor\\laravel\\framework\\src\\Illuminate\\Foundation\\Console\\Kernel.php(198): Symfony\\Component\\Console\\Application->run()
#21 D:\\laravel\\School Managment System\\vendor\\laravel\\framework\\src\\Illuminate\\Foundation\\Application.php(1235): Illuminate\\Foundation\\Console\\Kernel->handle()
#22 D:\\laravel\\School Managment System\\artisan(13): Illuminate\\Foundation\\Application->handleCommand()
#23 {main}
"} 
[2026-04-20 19:50:54] local.ERROR: SQLSTATE[42S02]: Base table or view not found: 1146 Table 'school_management_system.cache' doesn't exist (Connection: mysql, SQL: delete from `cache`) {"exception":"[object] (Illuminate\\Database\\QueryException(code: 42S02): SQLSTATE[42S02]: Base table or view not found: 1146 Table 'school_management_system.cache' doesn't exist (Connection: mysql, SQL: delete from `cache`) at D:\\laravel\\School Managment System\\vendor\\laravel\\framework\\src\\Illuminate\\Database\\Connection.php:825)
[stacktrace]
#0 D:\\laravel\\School Managment System\\vendor\\laravel\\framework\\src\\Illuminate\\Database\\Connection.php(779): Illuminate\\Database\\Connection->runQueryCallback()
#1 D:\\laravel\\School Managment System\\vendor\\laravel\\framework\\src\\Illuminate\\Database\\Connection.php(584): Illuminate\\Database\\Connection->run()
#2 D:\\laravel\\School Managment System\\vendor\\laravel\\framework\\src\\Illuminate\\Database\\Connection.php(548): Illuminate\\Database\\Connection->affectingStatement()
#3 D:\\laravel\\School Managment System\\vendor\\laravel\\framework\\src\\Illuminate\\Database\\Query\\Builder.php(4024): Illuminate\\Database\\Connection->delete()
#4 D:\\laravel\\School Managment System\\vendor\\laravel\\framework\\src\\Illuminate\\Cache\\DatabaseStore.php(422): Illuminate\\Database\\Query\\Builder->delete()
#5 D:\\laravel\\School Managment System\\vendor\\laravel\\framework\\src\\Illuminate\\Cache\\Repository.php(792): Illuminate\\Cache\\DatabaseStore->flush()
#6 D:\\laravel\\School Managment System\\vendor\\laravel\\framework\\src\\Illuminate\\Cache\\Console\\ClearCommand.php(69): Illuminate\\Cache\\Repository->__call()
#7 D:\\laravel\\School Managment System\\vendor\\laravel\\framework\\src\\Illuminate\\Container\\BoundMethod.php(36): Illuminate\\Cache\\Console\\ClearCommand->handle()
#8 D:\\laravel\\School Managment System\\vendor\\laravel\\framework\\src\\Illuminate\\Container\\Util.php(43): Illuminate\\Container\\BoundMethod::Illuminate\\Container\\{closure}()
#9 D:\\laravel\\School Managment System\\vendor\\laravel\\framework\\src\\Illuminate\\Container\\BoundMethod.php(95): Illuminate\\Container\\Util::unwrapIfClosure()
#10 D:\\laravel\\School Managment System\\vendor\\laravel\\framework\\src\\Illuminate\\Container\\BoundMethod.php(35): Illuminate\\Container\\BoundMethod::callBoundMethod()
#11 D:\\laravel\\School Managment System\\vendor\\laravel\\framework\\src\\Illuminate\\Container\\Container.php(696): Illuminate\\Container\\BoundMethod::call()
#12 D:\\laravel\\School Managment System\\vendor\\laravel\\framework\\src\\Illuminate\\Console\\Command.php(213): Illuminate\\Container\\Container->call()
#13 D:\\laravel\\School Managment System\\vendor\\symfony\\console\\Command\\Command.php(318): Illuminate\\Console\\Command->execute()
#14 D:\\laravel\\School Managment System\\vendor\\laravel\\framework\\src\\Illuminate\\Console\\Command.php(182): Symfony\\Component\\Console\\Command\\Command->run()
#15 D:\\laravel\\School Managment System\\vendor\\symfony\\console\\Application.php(1073): Illuminate\\Console\\Command->run()
#16 D:\\laravel\\School Managment System\\vendor\\symfony\\console\\Application.php(356): Symfony\\Component\\Console\\Application->doRunCommand()
#17 D:\\laravel\\School Managment System\\vendor\\symfony\\console\\Application.php(195): Symfony\\Component\\Console\\Application->doRun()
#18 D:\\laravel\\School Managment System\\vendor\\laravel\\framework\\src\\Illuminate\\Foundation\\Console\\Kernel.php(198): Symfony\\Component\\Console\\Application->run()
#19 D:\\laravel\\School Managment System\\vendor\\laravel\\framework\\src\\Illuminate\\Foundation\\Application.php(1235): Illuminate\\Foundation\\Console\\Kernel->handle()
#20 D:\\laravel\\School Managment System\\artisan(13): Illuminate\\Foundation\\Application->handleCommand()
#21 {main}

[previous exception] [object] (PDOException(code: 42S02): SQLSTATE[42S02]: Base table or view not found: 1146 Table 'school_management_system.cache' doesn't exist at D:\\laravel\\School Managment System\\vendor\\laravel\\framework\\src\\Illuminate\\Database\\Connection.php:592)
[stacktrace]
#0 D:\\laravel\\School Managment System\\vendor\\laravel\\framework\\src\\Illuminate\\Database\\Connection.php(592): PDO->prepare()
#1 D:\\laravel\\School Managment System\\vendor\\laravel\\framework\\src\\Illuminate\\Database\\Connection.php(812): Illuminate\\Database\\Connection->Illuminate\\Database\\{closure}()
#2 D:\\laravel\\School Managment System\\vendor\\laravel\\framework\\src\\Illuminate\\Database\\Connection.php(779): Illuminate\\Database\\Connection->runQueryCallback()
#3 D:\\laravel\\School Managment System\\vendor\\laravel\\framework\\src\\Illuminate\\Database\\Connection.php(584): Illuminate\\Database\\Connection->run()
#4 D:\\laravel\\School Managment System\\vendor\\laravel\\framework\\src\\Illuminate\\Database\\Connection.php(548): Illuminate\\Database\\Connection->affectingStatement()
#5 D:\\laravel\\School Managment System\\vendor\\laravel\\framework\\src\\Illuminate\\Database\\Query\\Builder.php(4024): Illuminate\\Database\\Connection->delete()
#6 D:\\laravel\\School Managment System\\vendor\\laravel\\framework\\src\\Illuminate\\Cache\\DatabaseStore.php(422): Illuminate\\Database\\Query\\Builder->delete()
#7 D:\\laravel\\School Managment System\\vendor\\laravel\\framework\\src\\Illuminate\\Cache\\Repository.php(792): Illuminate\\Cache\\DatabaseStore->flush()
#8 D:\\laravel\\School Managment System\\vendor\\laravel\\framework\\src\\Illuminate\\Cache\\Console\\ClearCommand.php(69): Illuminate\\Cache\\Repository->__call()
#9 D:\\laravel\\School Managment System\\vendor\\laravel\\framework\\src\\Illuminate\\Container\\BoundMethod.php(36): Illuminate\\Cache\\Console\\ClearCommand->handle()
#10 D:\\laravel\\School Managment System\\vendor\\laravel\\framework\\src\\Illuminate\\Container\\Util.php(43): Illuminate\\Container\\BoundMethod::Illuminate\\Container\\{closure}()
#11 D:\\laravel\\School Managment System\\vendor\\laravel\\framework\\src\\Illuminate\\Container\\BoundMethod.php(95): Illuminate\\Container\\Util::unwrapIfClosure()
#12 D:\\laravel\\School Managment System\\vendor\\laravel\\framework\\src\\Illuminate\\Container\\BoundMethod.php(35): Illuminate\\Container\\BoundMethod::callBoundMethod()
#13 D:\\laravel\\School Managment System\\vendor\\laravel\\framework\\src\\Illuminate\\Container\\Container.php(696): Illuminate\\Container\\BoundMethod::call()
#14 D:\\laravel\\School Managment System\\vendor\\laravel\\framework\\src\\Illuminate\\Console\\Command.php(213): Illuminate\\Container\\Container->call()
#15 D:\\laravel\\School Managment System\\vendor\\symfony\\console\\Command\\Command.php(318): Illuminate\\Console\\Command->execute()
#16 D:\\laravel\\School Managment System\\vendor\\laravel\\framework\\src\\Illuminate\\Console\\Command.php(182): Symfony\\Component\\Console\\Command\\Command->run()
#17 D:\\laravel\\School Managment System\\vendor\\symfony\\console\\Application.php(1073): Illuminate\\Console\\Command->run()
#18 D:\\laravel\\School Managment System\\vendor\\symfony\\console\\Application.php(356): Symfony\\Component\\Console\\Application->doRunCommand()
#19 D:\\laravel\\School Managment System\\vendor\\symfony\\console\\Application.php(195): Symfony\\Component\\Console\\Application->doRun()
#20 D:\\laravel\\School Managment System\\vendor\\laravel\\framework\\src\\Illuminate\\Foundation\\Console\\Kernel.php(198): Symfony\\Component\\Console\\Application->run()
#21 D:\\laravel\\School Managment System\\vendor\\laravel\\framework\\src\\Illuminate\\Foundation\\Application.php(1235): Illuminate\\Foundation\\Console\\Kernel->handle()
#22 D:\\laravel\\School Managment System\\artisan(13): Illuminate\\Foundation\\Application->handleCommand()
#23 {main}
"} 
[2026-04-20 20:49:51] local.ERROR: Class "App\Http\Controllers\API\AuthController" does not exist {"exception":"[object] (ReflectionException(code: -1): Class \"App\\Http\\Controllers\\API\\AuthController\" does not exist at D:\\laravel\\School Managment System\\vendor\\laravel\\framework\\src\\Illuminate\\Foundation\\Console\\RouteListCommand.php:235)
[stacktrace]
#0 D:\\laravel\\School Managment System\\vendor\\laravel\\framework\\src\\Illuminate\\Foundation\\Console\\RouteListCommand.php(235): ReflectionClass->__construct()
#1 D:\\laravel\\School Managment System\\vendor\\laravel\\framework\\src\\Illuminate\\Foundation\\Console\\RouteListCommand.php(149): Illuminate\\Foundation\\Console\\RouteListCommand->isVendorRoute()
#2 D:\\laravel\\School Managment System\\vendor\\laravel\\framework\\src\\Illuminate\\Foundation\\Console\\RouteListCommand.php(118): Illuminate\\Foundation\\Console\\RouteListCommand->getRouteInformation()
#3 [internal function]: Illuminate\\Foundation\\Console\\RouteListCommand->Illuminate\\Foundation\\Console\\{closure}()
#4 D:\\laravel\\School Managment System\\vendor\\laravel\\framework\\src\\Illuminate\\Collections\\Arr.php(609): array_map()
#5 D:\\laravel\\School Managment System\\vendor\\laravel\\framework\\src\\Illuminate\\Collections\\Collection.php(799): Illuminate\\Support\\Arr::map()
#6 D:\\laravel\\School Managment System\\vendor\\laravel\\framework\\src\\Illuminate\\Foundation\\Console\\RouteListCommand.php(117): Illuminate\\Support\\Collection->map()
#7 D:\\laravel\\School Managment System\\vendor\\laravel\\framework\\src\\Illuminate\\Foundation\\Console\\RouteListCommand.php(103): Illuminate\\Foundation\\Console\\RouteListCommand->getRoutes()
#8 D:\\laravel\\School Managment System\\vendor\\laravel\\framework\\src\\Illuminate\\Container\\BoundMethod.php(36): Illuminate\\Foundation\\Console\\RouteListCommand->handle()
#9 D:\\laravel\\School Managment System\\vendor\\laravel\\framework\\src\\Illuminate\\Container\\Util.php(43): Illuminate\\Container\\BoundMethod::Illuminate\\Container\\{closure}()
#10 D:\\laravel\\School Managment System\\vendor\\laravel\\framework\\src\\Illuminate\\Container\\BoundMethod.php(95): Illuminate\\Container\\Util::unwrapIfClosure()
#11 D:\\laravel\\School Managment System\\vendor\\laravel\\framework\\src\\Illuminate\\Container\\BoundMethod.php(35): Illuminate\\Container\\BoundMethod::callBoundMethod()
#12 D:\\laravel\\School Managment System\\vendor\\laravel\\framework\\src\\Illuminate\\Container\\Container.php(696): Illuminate\\Container\\BoundMethod::call()
#13 D:\\laravel\\School Managment System\\vendor\\laravel\\framework\\src\\Illuminate\\Console\\Command.php(213): Illuminate\\Container\\Container->call()
#14 D:\\laravel\\School Managment System\\vendor\\symfony\\console\\Command\\Command.php(318): Illuminate\\Console\\Command->execute()
#15 D:\\laravel\\School Managment System\\vendor\\laravel\\framework\\src\\Illuminate\\Console\\Command.php(182): Symfony\\Component\\Console\\Command\\Command->run()
#16 D:\\laravel\\School Managment System\\vendor\\symfony\\console\\Application.php(1073): Illuminate\\Console\\Command->run()
#17 D:\\laravel\\School Managment System\\vendor\\symfony\\console\\Application.php(356): Symfony\\Component\\Console\\Application->doRunCommand()
#18 D:\\laravel\\School Managment System\\vendor\\symfony\\console\\Application.php(195): Symfony\\Component\\Console\\Application->doRun()
#19 D:\\laravel\\School Managment System\\vendor\\laravel\\framework\\src\\Illuminate\\Foundation\\Console\\Kernel.php(198): Symfony\\Component\\Console\\Application->run()
#20 D:\\laravel\\School Managment System\\vendor\\laravel\\framework\\src\\Illuminate\\Foundation\\Application.php(1235): Illuminate\\Foundation\\Console\\Kernel->handle()
#21 D:\\laravel\\School Managment System\\artisan(13): Illuminate\\Foundation\\Application->handleCommand()
#22 {main}
"} 
[2026-04-20 20:57:07] local.ERROR: Class "App\Http\Controllers\API\AuthController" does not exist {"exception":"[object] (ReflectionException(code: -1): Class \"App\\Http\\Controllers\\API\\AuthController\" does not exist at D:\\laravel\\School Managment System\\vendor\\laravel\\framework\\src\\Illuminate\\Foundation\\Console\\RouteListCommand.php:235)
[stacktrace]
#0 D:\\laravel\\School Managment System\\vendor\\laravel\\framework\\src\\Illuminate\\Foundation\\Console\\RouteListCommand.php(235): ReflectionClass->__construct()
#1 D:\\laravel\\School Managment System\\vendor\\laravel\\framework\\src\\Illuminate\\Foundation\\Console\\RouteListCommand.php(149): Illuminate\\Foundation\\Console\\RouteListCommand->isVendorRoute()
#2 D:\\laravel\\School Managment System\\vendor\\laravel\\framework\\src\\Illuminate\\Foundation\\Console\\RouteListCommand.php(118): Illuminate\\Foundation\\Console\\RouteListCommand->getRouteInformation()
#3 [internal function]: Illuminate\\Foundation\\Console\\RouteListCommand->Illuminate\\Foundation\\Console\\{closure}()
#4 D:\\laravel\\School Managment System\\vendor\\laravel\\framework\\src\\Illuminate\\Collections\\Arr.php(609): array_map()
#5 D:\\laravel\\School Managment System\\vendor\\laravel\\framework\\src\\Illuminate\\Collections\\Collection.php(799): Illuminate\\Support\\Arr::map()
#6 D:\\laravel\\School Managment System\\vendor\\laravel\\framework\\src\\Illuminate\\Foundation\\Console\\RouteListCommand.php(117): Illuminate\\Support\\Collection->map()
#7 D:\\laravel\\School Managment System\\vendor\\laravel\\framework\\src\\Illuminate\\Foundation\\Console\\RouteListCommand.php(103): Illuminate\\Foundation\\Console\\RouteListCommand->getRoutes()
#8 D:\\laravel\\School Managment System\\vendor\\laravel\\framework\\src\\Illuminate\\Container\\BoundMethod.php(36): Illuminate\\Foundation\\Console\\RouteListCommand->handle()
#9 D:\\laravel\\School Managment System\\vendor\\laravel\\framework\\src\\Illuminate\\Container\\Util.php(43): Illuminate\\Container\\BoundMethod::Illuminate\\Container\\{closure}()
#10 D:\\laravel\\School Managment System\\vendor\\laravel\\framework\\src\\Illuminate\\Container\\BoundMethod.php(95): Illuminate\\Container\\Util::unwrapIfClosure()
#11 D:\\laravel\\School Managment System\\vendor\\laravel\\framework\\src\\Illuminate\\Container\\BoundMethod.php(35): Illuminate\\Container\\BoundMethod::callBoundMethod()
#12 D:\\laravel\\School Managment System\\vendor\\laravel\\framework\\src\\Illuminate\\Container\\Container.php(696): Illuminate\\Container\\BoundMethod::call()
#13 D:\\laravel\\School Managment System\\vendor\\laravel\\framework\\src\\Illuminate\\Console\\Command.php(213): Illuminate\\Container\\Container->call()
#14 D:\\laravel\\School Managment System\\vendor\\symfony\\console\\Command\\Command.php(318): Illuminate\\Console\\Command->execute()
#15 D:\\laravel\\School Managment System\\vendor\\laravel\\framework\\src\\Illuminate\\Console\\Command.php(182): Symfony\\Component\\Console\\Command\\Command->run()
#16 D:\\laravel\\School Managment System\\vendor\\symfony\\console\\Application.php(1073): Illuminate\\Console\\Command->run()
#17 D:\\laravel\\School Managment System\\vendor\\symfony\\console\\Application.php(356): Symfony\\Component\\Console\\Application->doRunCommand()
#18 D:\\laravel\\School Managment System\\vendor\\symfony\\console\\Application.php(195): Symfony\\Component\\Console\\Application->doRun()
#19 D:\\laravel\\School Managment System\\vendor\\laravel\\framework\\src\\Illuminate\\Foundation\\Console\\Kernel.php(198): Symfony\\Component\\Console\\Application->run()
#20 D:\\laravel\\School Managment System\\vendor\\laravel\\framework\\src\\Illuminate\\Foundation\\Application.php(1235): Illuminate\\Foundation\\Console\\Kernel->handle()
#21 D:\\laravel\\School Managment System\\artisan(13): Illuminate\\Foundation\\Application->handleCommand()
#22 {main}
"} 
[2026-04-20 20:58:07] local.ERROR: Class "App\Http\Controllers\API\AuthController" does not exist {"exception":"[object] (ReflectionException(code: -1): Class \"App\\Http\\Controllers\\API\\AuthController\" does not exist at D:\\laravel\\School Managment System\\vendor\\laravel\\framework\\src\\Illuminate\\Foundation\\Console\\RouteListCommand.php:235)
[stacktrace]
#0 D:\\laravel\\School Managment System\\vendor\\laravel\\framework\\src\\Illuminate\\Foundation\\Console\\RouteListCommand.php(235): ReflectionClass->__construct()
#1 D:\\laravel\\School Managment System\\vendor\\laravel\\framework\\src\\Illuminate\\Foundation\\Console\\RouteListCommand.php(149): Illuminate\\Foundation\\Console\\RouteListCommand->isVendorRoute()
#2 D:\\laravel\\School Managment System\\vendor\\laravel\\framework\\src\\Illuminate\\Foundation\\Console\\RouteListCommand.php(118): Illuminate\\Foundation\\Console\\RouteListCommand->getRouteInformation()
#3 [internal function]: Illuminate\\Foundation\\Console\\RouteListCommand->Illuminate\\Foundation\\Console\\{closure}()
#4 D:\\laravel\\School Managment System\\vendor\\laravel\\framework\\src\\Illuminate\\Collections\\Arr.php(609): array_map()
#5 D:\\laravel\\School Managment System\\vendor\\laravel\\framework\\src\\Illuminate\\Collections\\Collection.php(799): Illuminate\\Support\\Arr::map()
#6 D:\\laravel\\School Managment System\\vendor\\laravel\\framework\\src\\Illuminate\\Foundation\\Console\\RouteListCommand.php(117): Illuminate\\Support\\Collection->map()
#7 D:\\laravel\\School Managment System\\vendor\\laravel\\framework\\src\\Illuminate\\Foundation\\Console\\RouteListCommand.php(103): Illuminate\\Foundation\\Console\\RouteListCommand->getRoutes()
#8 D:\\laravel\\School Managment System\\vendor\\laravel\\framework\\src\\Illuminate\\Container\\BoundMethod.php(36): Illuminate\\Foundation\\Console\\RouteListCommand->handle()
#9 D:\\laravel\\School Managment System\\vendor\\laravel\\framework\\src\\Illuminate\\Container\\Util.php(43): Illuminate\\Container\\BoundMethod::Illuminate\\Container\\{closure}()
#10 D:\\laravel\\School Managment System\\vendor\\laravel\\framework\\src\\Illuminate\\Container\\BoundMethod.php(95): Illuminate\\Container\\Util::unwrapIfClosure()
#11 D:\\laravel\\School Managment System\\vendor\\laravel\\framework\\src\\Illuminate\\Container\\BoundMethod.php(35): Illuminate\\Container\\BoundMethod::callBoundMethod()
#12 D:\\laravel\\School Managment System\\vendor\\laravel\\framework\\src\\Illuminate\\Container\\Container.php(696): Illuminate\\Container\\BoundMethod::call()
#13 D:\\laravel\\School Managment System\\vendor\\laravel\\framework\\src\\Illuminate\\Console\\Command.php(213): Illuminate\\Container\\Container->call()
#14 D:\\laravel\\School Managment System\\vendor\\symfony\\console\\Command\\Command.php(318): Illuminate\\Console\\Command->execute()
#15 D:\\laravel\\School Managment System\\vendor\\laravel\\framework\\src\\Illuminate\\Console\\Command.php(182): Symfony\\Component\\Console\\Command\\Command->run()
#16 D:\\laravel\\School Managment System\\vendor\\symfony\\console\\Application.php(1073): Illuminate\\Console\\Command->run()
#17 D:\\laravel\\School Managment System\\vendor\\symfony\\console\\Application.php(356): Symfony\\Component\\Console\\Application->doRunCommand()
#18 D:\\laravel\\School Managment System\\vendor\\symfony\\console\\Application.php(195): Symfony\\Component\\Console\\Application->doRun()
#19 D:\\laravel\\School Managment System\\vendor\\laravel\\framework\\src\\Illuminate\\Foundation\\Console\\Kernel.php(198): Symfony\\Component\\Console\\Application->run()
#20 D:\\laravel\\School Managment System\\vendor\\laravel\\framework\\src\\Illuminate\\Foundation\\Application.php(1235): Illuminate\\Foundation\\Console\\Kernel->handle()
#21 D:\\laravel\\School Managment System\\artisan(13): Illuminate\\Foundation\\Application->handleCommand()
#22 {main}
"} 
[2026-04-20 21:03:05] local.ERROR: Class "App\Http\Controllers\API\AuthController" does not exist {"exception":"[object] (ReflectionException(code: -1): Class \"App\\Http\\Controllers\\API\\AuthController\" does not exist at D:\\laravel\\School Managment System\\vendor\\laravel\\framework\\src\\Illuminate\\Foundation\\Console\\RouteListCommand.php:235)
[stacktrace]
#0 D:\\laravel\\School Managment System\\vendor\\laravel\\framework\\src\\Illuminate\\Foundation\\Console\\RouteListCommand.php(235): ReflectionClass->__construct()
#1 D:\\laravel\\School Managment System\\vendor\\laravel\\framework\\src\\Illuminate\\Foundation\\Console\\RouteListCommand.php(149): Illuminate\\Foundation\\Console\\RouteListCommand->isVendorRoute()
#2 D:\\laravel\\School Managment System\\vendor\\laravel\\framework\\src\\Illuminate\\Foundation\\Console\\RouteListCommand.php(118): Illuminate\\Foundation\\Console\\RouteListCommand->getRouteInformation()
#3 [internal function]: Illuminate\\Foundation\\Console\\RouteListCommand->Illuminate\\Foundation\\Console\\{closure}()
#4 D:\\laravel\\School Managment System\\vendor\\laravel\\framework\\src\\Illuminate\\Collections\\Arr.php(609): array_map()
#5 D:\\laravel\\School Managment System\\vendor\\laravel\\framework\\src\\Illuminate\\Collections\\Collection.php(799): Illuminate\\Support\\Arr::map()
#6 D:\\laravel\\School Managment System\\vendor\\laravel\\framework\\src\\Illuminate\\Foundation\\Console\\RouteListCommand.php(117): Illuminate\\Support\\Collection->map()
#7 D:\\laravel\\School Managment System\\vendor\\laravel\\framework\\src\\Illuminate\\Foundation\\Console\\RouteListCommand.php(103): Illuminate\\Foundation\\Console\\RouteListCommand->getRoutes()
#8 D:\\laravel\\School Managment System\\vendor\\laravel\\framework\\src\\Illuminate\\Container\\BoundMethod.php(36): Illuminate\\Foundation\\Console\\RouteListCommand->handle()
#9 D:\\laravel\\School Managment System\\vendor\\laravel\\framework\\src\\Illuminate\\Container\\Util.php(43): Illuminate\\Container\\BoundMethod::Illuminate\\Container\\{closure}()
#10 D:\\laravel\\School Managment System\\vendor\\laravel\\framework\\src\\Illuminate\\Container\\BoundMethod.php(95): Illuminate\\Container\\Util::unwrapIfClosure()
#11 D:\\laravel\\School Managment System\\vendor\\laravel\\framework\\src\\Illuminate\\Container\\BoundMethod.php(35): Illuminate\\Container\\BoundMethod::callBoundMethod()
#12 D:\\laravel\\School Managment System\\vendor\\laravel\\framework\\src\\Illuminate\\Container\\Container.php(696): Illuminate\\Container\\BoundMethod::call()
#13 D:\\laravel\\School Managment System\\vendor\\laravel\\framework\\src\\Illuminate\\Console\\Command.php(213): Illuminate\\Container\\Container->call()
#14 D:\\laravel\\School Managment System\\vendor\\symfony\\console\\Command\\Command.php(318): Illuminate\\Console\\Command->execute()
#15 D:\\laravel\\School Managment System\\vendor\\laravel\\framework\\src\\Illuminate\\Console\\Command.php(182): Symfony\\Component\\Console\\Command\\Command->run()
#16 D:\\laravel\\School Managment System\\vendor\\symfony\\console\\Application.php(1073): Illuminate\\Console\\Command->run()
#17 D:\\laravel\\School Managment System\\vendor\\symfony\\console\\Application.php(356): Symfony\\Component\\Console\\Application->doRunCommand()
#18 D:\\laravel\\School Managment System\\vendor\\symfony\\console\\Application.php(195): Symfony\\Component\\Console\\Application->doRun()
#19 D:\\laravel\\School Managment System\\vendor\\laravel\\framework\\src\\Illuminate\\Foundation\\Console\\Kernel.php(198): Symfony\\Component\\Console\\Application->run()
#20 D:\\laravel\\School Managment System\\vendor\\laravel\\framework\\src\\Illuminate\\Foundation\\Application.php(1235): Illuminate\\Foundation\\Console\\Kernel->handle()
#21 D:\\laravel\\School Managment System\\artisan(13): Illuminate\\Foundation\\Application->handleCommand()
#22 {main}
"} 
[2026-04-20 21:11:19] local.ERROR: Class "App\Http\Controllers\API\AuthController" does not exist {"exception":"[object] (ReflectionException(code: -1): Class \"App\\Http\\Controllers\\API\\AuthController\" does not exist at D:\\laravel\\School Managment System\\vendor\\laravel\\framework\\src\\Illuminate\\Foundation\\Console\\RouteListCommand.php:235)
[stacktrace]
#0 D:\\laravel\\School Managment System\\vendor\\laravel\\framework\\src\\Illuminate\\Foundation\\Console\\RouteListCommand.php(235): ReflectionClass->__construct()
#1 D:\\laravel\\School Managment System\\vendor\\laravel\\framework\\src\\Illuminate\\Foundation\\Console\\RouteListCommand.php(149): Illuminate\\Foundation\\Console\\RouteListCommand->isVendorRoute()
#2 D:\\laravel\\School Managment System\\vendor\\laravel\\framework\\src\\Illuminate\\Foundation\\Console\\RouteListCommand.php(118): Illuminate\\Foundation\\Console\\RouteListCommand->getRouteInformation()
#3 [internal function]: Illuminate\\Foundation\\Console\\RouteListCommand->Illuminate\\Foundation\\Console\\{closure}()
#4 D:\\laravel\\School Managment System\\vendor\\laravel\\framework\\src\\Illuminate\\Collections\\Arr.php(609): array_map()
#5 D:\\laravel\\School Managment System\\vendor\\laravel\\framework\\src\\Illuminate\\Collections\\Collection.php(799): Illuminate\\Support\\Arr::map()
#6 D:\\laravel\\School Managment System\\vendor\\laravel\\framework\\src\\Illuminate\\Foundation\\Console\\RouteListCommand.php(117): Illuminate\\Support\\Collection->map()
#7 D:\\laravel\\School Managment System\\vendor\\laravel\\framework\\src\\Illuminate\\Foundation\\Console\\RouteListCommand.php(103): Illuminate\\Foundation\\Console\\RouteListCommand->getRoutes()
#8 D:\\laravel\\School Managment System\\vendor\\laravel\\framework\\src\\Illuminate\\Container\\BoundMethod.php(36): Illuminate\\Foundation\\Console\\RouteListCommand->handle()
#9 D:\\laravel\\School Managment System\\vendor\\laravel\\framework\\src\\Illuminate\\Container\\Util.php(43): Illuminate\\Container\\BoundMethod::Illuminate\\Container\\{closure}()
#10 D:\\laravel\\School Managment System\\vendor\\laravel\\framework\\src\\Illuminate\\Container\\BoundMethod.php(95): Illuminate\\Container\\Util::unwrapIfClosure()
#11 D:\\laravel\\School Managment System\\vendor\\laravel\\framework\\src\\Illuminate\\Container\\BoundMethod.php(35): Illuminate\\Container\\BoundMethod::callBoundMethod()
#12 D:\\laravel\\School Managment System\\vendor\\laravel\\framework\\src\\Illuminate\\Container\\Container.php(696): Illuminate\\Container\\BoundMethod::call()
#13 D:\\laravel\\School Managment System\\vendor\\laravel\\framework\\src\\Illuminate\\Console\\Command.php(213): Illuminate\\Container\\Container->call()
#14 D:\\laravel\\School Managment System\\vendor\\symfony\\console\\Command\\Command.php(318): Illuminate\\Console\\Command->execute()
#15 D:\\laravel\\School Managment System\\vendor\\laravel\\framework\\src\\Illuminate\\Console\\Command.php(182): Symfony\\Component\\Console\\Command\\Command->run()
#16 D:\\laravel\\School Managment System\\vendor\\symfony\\console\\Application.php(1073): Illuminate\\Console\\Command->run()
#17 D:\\laravel\\School Managment System\\vendor\\symfony\\console\\Application.php(356): Symfony\\Component\\Console\\Application->doRunCommand()
#18 D:\\laravel\\School Managment System\\vendor\\symfony\\console\\Application.php(195): Symfony\\Component\\Console\\Application->doRun()
#19 D:\\laravel\\School Managment System\\vendor\\laravel\\framework\\src\\Illuminate\\Foundation\\Console\\Kernel.php(198): Symfony\\Component\\Console\\Application->run()
#20 D:\\laravel\\School Managment System\\vendor\\laravel\\framework\\src\\Illuminate\\Foundation\\Application.php(1235): Illuminate\\Foundation\\Console\\Kernel->handle()
#21 D:\\laravel\\School Managment System\\artisan(13): Illuminate\\Foundation\\Application->handleCommand()
#22 {main}
"} 
[2026-04-20 21:19:16] local.DEBUG: From: Laravel <hello@example.com>
To: malak@gmail.com
Subject: =?utf-8?Q?=D8=AA=D9=85_=D8=A7=D8=B3=D8=AA=D9=84=D8=A7?=
 =?utf-8?Q?=D9=85_=D8=B7=D9=84=D8=A8_=D8=A7=D9=84=D8=AA=D8=B3=D8=AC=D9=8A?=
 =?utf-8?Q?=D9=84?=
MIME-Version: 1.0
Date: Mon, 20 Apr 2026 21:19:16 +0000
Message-ID: <1c730ff033bbd5e3bd6061dbcdfdee55@example.com>
Content-Type: text/plain; charset=utf-8
Content-Transfer-Encoding: quoted-printable

مرحباً malak lalala!

تم استلام طلب تسجيلك طالب في نظام إدارة المدرسة بنجاح.

طلبك قيد المراجعة من قبل الإدارة. سنقوم بإعلامك عند الموافقة على طلبك.

شكراً لصبرك!

نظام إدارة المدرسة  
[2026-04-22 18:56:24] local.DEBUG: From: Laravel <hello@example.com>
To: malak1@gmail.com
Subject: =?utf-8?Q?=D8=AA=D9=81=D8=B9=D9=8A=D9=84_=D8=A7=D9=84?=
 =?utf-8?Q?=D8=A8=D8=B1=D9=8A=D8=AF_=D8=A7=D9=84=D8=A5?=
 =?utf-8?Q?=D9=84=D9=83=D8=AA=D8=B1=D9=88=D9=86=D9=8A?=
MIME-Version: 1.0
Date: Wed, 22 Apr 2026 18:56:24 +0000
Message-ID: <1072ff6aacb9324e12461e99f9362148@example.com>
Content-Type: text/plain; charset=utf-8
Content-Transfer-Encoding: quoted-printable

مرحباً malak lalala!

كود تفعيل البريد الإلكتروني: 868658

هذا الكود صالح لمدة 30 دقيقة.

نظام إدارة المدرسة  
[2026-04-22 18:56:24] local.DEBUG: From: Laravel <hello@example.com>
To: malak1@gmail.com
Subject: =?utf-8?Q?=D8=AA=D9=85_=D8=A7=D8=B3=D8=AA=D9=84=D8=A7?=
 =?utf-8?Q?=D9=85_=D8=B7=D9=84=D8=A8_=D8=A7=D9=84=D8=AA=D8=B3=D8=AC=D9=8A?=
 =?utf-8?Q?=D9=84?= -
 =?utf-8?Q?=D9=8A=D8=B1=D8=AC=D9=89_=D8=AA=D9=81=D8=B9?=
 =?utf-8?Q?=D9=8A=D9=84_=D8=A8=D8=B1=D9=8A=D8=AF=D9=83?=
MIME-Version: 1.0
Date: Wed, 22 Apr 2026 18:56:24 +0000
Message-ID: <d3a719864b46d9a9ff3dc8ba403eadad@example.com>
Content-Type: text/plain; charset=utf-8
Content-Transfer-Encoding: quoted-printable

مرحباً malak lalala!

تم استلام طلب تسجيلك طالب في نظام إدارة المدرسة بنجاح.

✅ الخطوة 1: يرجى تفعيل بريدك الإلكتروني أولاً باستخدام الكود المرسل إليك.
✅ الخطوة 2: بعد تفعيل بريدك، سيتم مراجعة طلبك من قبل الإدارة.

شكراً لصبرك!

نظام إدارة المدرسة  
[2026-04-22 19:04:27] local.DEBUG: From: Laravel <hello@example.com>
To: malak2@gmail.com
Subject: =?utf-8?Q?=D8=AA=D9=81=D8=B9=D9=8A=D9=84_=D8=A7=D9=84?=
 =?utf-8?Q?=D8=A8=D8=B1=D9=8A=D8=AF_=D8=A7=D9=84=D8=A5?=
 =?utf-8?Q?=D9=84=D9=83=D8=AA=D8=B1=D9=88=D9=86=D9=8A?=
MIME-Version: 1.0
Date: Wed, 22 Apr 2026 19:04:27 +0000
Message-ID: <93f4ca7e728c07056050eccbf2d6bc72@example.com>
Content-Type: text/plain; charset=utf-8
Content-Transfer-Encoding: quoted-printable

مرحباً malak lalala!

كود تفعيل البريد الإلكتروني: 549172

هذا الكود صالح لمدة 30 دقيقة.

نظام إدارة المدرسة  
[2026-04-22 19:04:27] local.DEBUG: From: Laravel <hello@example.com>
To: malak2@gmail.com
Subject: =?utf-8?Q?=D8=AA=D9=85_=D8=A7=D8=B3=D8=AA=D9=84=D8=A7?=
 =?utf-8?Q?=D9=85_=D8=B7=D9=84=D8=A8_=D8=A7=D9=84=D8=AA=D8=B3=D8=AC=D9=8A?=
 =?utf-8?Q?=D9=84?= -
 =?utf-8?Q?=D9=8A=D8=B1=D8=AC=D9=89_=D8=AA=D9=81=D8=B9?=
 =?utf-8?Q?=D9=8A=D9=84_=D8=A8=D8=B1=D9=8A=D8=AF=D9=83?=
MIME-Version: 1.0
Date: Wed, 22 Apr 2026 19:04:27 +0000
Message-ID: <23305127af35b8073f6ac307494d0498@example.com>
Content-Type: text/plain; charset=utf-8
Content-Transfer-Encoding: quoted-printable

مرحباً malak lalala!

تم استلام طلب تسجيلك طالب في نظام إدارة المدرسة بنجاح.

✅ الخطوة 1: يرجى تفعيل بريدك الإلكتروني أولاً باستخدام الكود المرسل إليك.
✅ الخطوة 2: بعد تفعيل بريدك، سيتم مراجعة طلبك من قبل الإدارة.

شكراً لصبرك!

نظام إدارة المدرسة  
[2026-04-22 19:05:59] local.DEBUG: From: Laravel <hello@example.com>
To: malak2@gmail.com
Subject: =?utf-8?Q?=D8=AA=D9=81=D8=B9=D9=8A=D9=84_=D8=A7=D9=84?=
 =?utf-8?Q?=D8=A8=D8=B1=D9=8A=D8=AF_=D8=A7=D9=84=D8=A5?=
 =?utf-8?Q?=D9=84=D9=83=D8=AA=D8=B1=D9=88=D9=86=D9=8A?=
MIME-Version: 1.0
Date: Wed, 22 Apr 2026 19:05:59 +0000
Message-ID: <d0c67710662c537982a5a1433a28b08a@example.com>
Content-Type: text/plain; charset=utf-8
Content-Transfer-Encoding: quoted-printable

مرحباً malak lalala!

كود تفعيل البريد الإلكتروني: 613069

هذا الكود صالح لمدة 30 دقيقة.

نظام إدارة المدرسة  
[2026-04-22 19:11:17] local.DEBUG: From: Laravel <hello@example.com>
To: malak5@gmail.com
Subject: =?utf-8?Q?=D8=AA=D9=81=D8=B9=D9=8A=D9=84_=D8=A7=D9=84?=
 =?utf-8?Q?=D8=A8=D8=B1=D9=8A=D8=AF_=D8=A7=D9=84=D8=A5?=
 =?utf-8?Q?=D9=84=D9=83=D8=AA=D8=B1=D9=88=D9=86=D9=8A?=
MIME-Version: 1.0
Date: Wed, 22 Apr 2026 19:11:17 +0000
Message-ID: <0c70d5d33f8b59c37683f04c120fc99a@example.com>
Content-Type: text/plain; charset=utf-8
Content-Transfer-Encoding: quoted-printable

مرحباً malak lalala!

كود تفعيل البريد الإلكتروني: 014601

هذا الكود صالح لمدة 30 دقيقة.

نظام إدارة المدرسة  
[2026-04-22 19:11:17] local.DEBUG: From: Laravel <hello@example.com>
To: malak5@gmail.com
Subject: =?utf-8?Q?=D8=AA=D9=85_=D8=A7=D8=B3=D8=AA=D9=84=D8=A7?=
 =?utf-8?Q?=D9=85_=D8=B7=D9=84=D8=A8_=D8=A7=D9=84=D8=AA=D8=B3=D8=AC=D9=8A?=
 =?utf-8?Q?=D9=84?= -
 =?utf-8?Q?=D9=8A=D8=B1=D8=AC=D9=89_=D8=AA=D9=81=D8=B9?=
 =?utf-8?Q?=D9=8A=D9=84_=D8=A8=D8=B1=D9=8A=D8=AF=D9=83?=
MIME-Version: 1.0
Date: Wed, 22 Apr 2026 19:11:17 +0000
Message-ID: <e6dd97d1ca21df82f55e7ec165afe43a@example.com>
Content-Type: text/plain; charset=utf-8
Content-Transfer-Encoding: quoted-printable

مرحباً malak lalala!

تم استلام طلب تسجيلك طالب في نظام إدارة المدرسة بنجاح.

✅ الخطوة 1: يرجى تفعيل بريدك الإلكتروني أولاً باستخدام الكود المرسل إليك.
✅ الخطوة 2: بعد تفعيل بريدك، سيتم مراجعة طلبك من قبل الإدارة.

شكراً لصبرك!

نظام إدارة المدرسة  
[2026-04-22 19:18:13] local.ERROR: Auth guard [sanctum] is not defined. {"exception":"[object] (InvalidArgumentException(code: 0): Auth guard [sanctum] is not defined. at D:\\laravel\\School Managment System\\vendor\\laravel\\framework\\src\\Illuminate\\Auth\\AuthManager.php:86)
[stacktrace]
#0 D:\\laravel\\School Managment System\\vendor\\laravel\\framework\\src\\Illuminate\\Auth\\AuthManager.php(70): Illuminate\\Auth\\AuthManager->resolve()
#1 D:\\laravel\\School Managment System\\vendor\\laravel\\framework\\src\\Illuminate\\Auth\\Middleware\\Authenticate.php(83): Illuminate\\Auth\\AuthManager->guard()
#2 D:\\laravel\\School Managment System\\vendor\\laravel\\framework\\src\\Illuminate\\Auth\\Middleware\\Authenticate.php(62): Illuminate\\Auth\\Middleware\\Authenticate->authenticate()
#3 D:\\laravel\\School Managment System\\vendor\\laravel\\framework\\src\\Illuminate\\Pipeline\\Pipeline.php(209): Illuminate\\Auth\\Middleware\\Authenticate->handle()
#4 D:\\laravel\\School Managment System\\vendor\\laravel\\framework\\src\\Illuminate\\Pipeline\\Pipeline.php(127): Illuminate\\Pipeline\\Pipeline->Illuminate\\Pipeline\\{closure}()
#5 D:\\laravel\\School Managment System\\vendor\\laravel\\framework\\src\\Illuminate\\Routing\\Router.php(807): Illuminate\\Pipeline\\Pipeline->then()
#6 D:\\laravel\\School Managment System\\vendor\\laravel\\framework\\src\\Illuminate\\Routing\\Router.php(786): Illuminate\\Routing\\Router->runRouteWithinStack()
#7 D:\\laravel\\School Managment System\\vendor\\laravel\\framework\\src\\Illuminate\\Routing\\Router.php(750): Illuminate\\Routing\\Router->runRoute()
#8 D:\\laravel\\School Managment System\\vendor\\laravel\\framework\\src\\Illuminate\\Routing\\Router.php(739): Illuminate\\Routing\\Router->dispatchToRoute()
#9 D:\\laravel\\School Managment System\\vendor\\laravel\\framework\\src\\Illuminate\\Foundation\\Http\\Kernel.php(201): Illuminate\\Routing\\Router->dispatch()
#10 D:\\laravel\\School Managment System\\vendor\\laravel\\framework\\src\\Illuminate\\Pipeline\\Pipeline.php(170): Illuminate\\Foundation\\Http\\Kernel->Illuminate\\Foundation\\Http\\{closure}()
#11 D:\\laravel\\School Managment System\\vendor\\laravel\\framework\\src\\Illuminate\\Foundation\\Http\\Middleware\\TransformsRequest.php(21): Illuminate\\Pipeline\\Pipeline->Illuminate\\Pipeline\\{closure}()
#12 D:\\laravel\\School Managment System\\vendor\\laravel\\framework\\src\\Illuminate\\Foundation\\Http\\Middleware\\ConvertEmptyStringsToNull.php(31): Illuminate\\Foundation\\Http\\Middleware\\TransformsRequest->handle()
#13 D:\\laravel\\School Managment System\\vendor\\laravel\\framework\\src\\Illuminate\\Pipeline\\Pipeline.php(209): Illuminate\\Foundation\\Http\\Middleware\\ConvertEmptyStringsToNull->handle()
#14 D:\\laravel\\School Managment System\\vendor\\laravel\\framework\\src\\Illuminate\\Foundation\\Http\\Middleware\\TransformsRequest.php(21): Illuminate\\Pipeline\\Pipeline->Illuminate\\Pipeline\\{closure}()
#15 D:\\laravel\\School Managment System\\vendor\\laravel\\framework\\src\\Illuminate\\Foundation\\Http\\Middleware\\TrimStrings.php(51): Illuminate\\Foundation\\Http\\Middleware\\TransformsRequest->handle()
#16 D:\\laravel\\School Managment System\\vendor\\laravel\\framework\\src\\Illuminate\\Pipeline\\Pipeline.php(209): Illuminate\\Foundation\\Http\\Middleware\\TrimStrings->handle()
#17 D:\\laravel\\School Managment System\\vendor\\laravel\\framework\\src\\Illuminate\\Http\\Middleware\\ValidatePostSize.php(27): Illuminate\\Pipeline\\Pipeline->Illuminate\\Pipeline\\{closure}()
#18 D:\\laravel\\School Managment System\\vendor\\laravel\\framework\\src\\Illuminate\\Pipeline\\Pipeline.php(209): Illuminate\\Http\\Middleware\\ValidatePostSize->handle()
#19 D:\\laravel\\School Managment System\\vendor\\laravel\\framework\\src\\Illuminate\\Foundation\\Http\\Middleware\\PreventRequestsDuringMaintenance.php(110): Illuminate\\Pipeline\\Pipeline->Illuminate\\Pipeline\\{closure}()
#20 D:\\laravel\\School Managment System\\vendor\\laravel\\framework\\src\\Illuminate\\Pipeline\\Pipeline.php(209): Illuminate\\Foundation\\Http\\Middleware\\PreventRequestsDuringMaintenance->handle()
#21 D:\\laravel\\School Managment System\\vendor\\laravel\\framework\\src\\Illuminate\\Http\\Middleware\\HandleCors.php(62): Illuminate\\Pipeline\\Pipeline->Illuminate\\Pipeline\\{closure}()
#22 D:\\laravel\\School Managment System\\vendor\\laravel\\framework\\src\\Illuminate\\Pipeline\\Pipeline.php(209): Illuminate\\Http\\Middleware\\HandleCors->handle()
#23 D:\\laravel\\School Managment System\\vendor\\laravel\\framework\\src\\Illuminate\\Http\\Middleware\\TrustProxies.php(58): Illuminate\\Pipeline\\Pipeline->Illuminate\\Pipeline\\{closure}()
#24 D:\\laravel\\School Managment System\\vendor\\laravel\\framework\\src\\Illuminate\\Pipeline\\Pipeline.php(209): Illuminate\\Http\\Middleware\\TrustProxies->handle()
#25 D:\\laravel\\School Managment System\\vendor\\laravel\\framework\\src\\Illuminate\\Foundation\\Http\\Middleware\\InvokeDeferredCallbacks.php(22): Illuminate\\Pipeline\\Pipeline->Illuminate\\Pipeline\\{closure}()
#26 D:\\laravel\\School Managment System\\vendor\\laravel\\framework\\src\\Illuminate\\Pipeline\\Pipeline.php(209): Illuminate\\Foundation\\Http\\Middleware\\InvokeDeferredCallbacks->handle()
#27 D:\\laravel\\School Managment System\\vendor\\laravel\\framework\\src\\Illuminate\\Pipeline\\Pipeline.php(127): Illuminate\\Pipeline\\Pipeline->Illuminate\\Pipeline\\{closure}()
#28 D:\\laravel\\School Managment System\\vendor\\laravel\\framework\\src\\Illuminate\\Foundation\\Http\\Kernel.php(176): Illuminate\\Pipeline\\Pipeline->then()
#29 D:\\laravel\\School Managment System\\vendor\\laravel\\framework\\src\\Illuminate\\Foundation\\Http\\Kernel.php(145): Illuminate\\Foundation\\Http\\Kernel->sendRequestThroughRouter()
#30 D:\\laravel\\School Managment System\\vendor\\laravel\\framework\\src\\Illuminate\\Foundation\\Application.php(1220): Illuminate\\Foundation\\Http\\Kernel->handle()
#31 D:\\laravel\\School Managment System\\public\\index.php(17): Illuminate\\Foundation\\Application->handleRequest()
#32 D:\\laravel\\School Managment System\\vendor\\laravel\\framework\\src\\Illuminate\\Foundation\\resources\\server.php(23): require_once('...')
#33 {main}
"} 
[2026-04-22 19:31:24] local.DEBUG: From: Laravel <hello@example.com>
To: pending.student13@school.com
Subject: =?utf-8?Q?=F0=9F=8E=89_=D8=AA=D9=85_=D8=AA=D9=81=D8=B9?=
 =?utf-8?Q?=D9=8A=D9=84_=D8=AD=D8=B3=D8=A7=D8=A8=D9=83?= -
 =?utf-8?Q?=D9=86=D8=B8=D8=A7=D9=85_=D8=A5=D8=AF=D8=A7?=
 =?utf-8?Q?=D8=B1=D8=A9_=D8=A7=D9=84=D9=85=D8=AF=D8=B1=D8=B3=D8=A9?=
MIME-Version: 1.0
Date: Wed, 22 Apr 2026 19:31:24 +0000
Message-ID: <b24a85ff9cc76b11ac442c3cf42df1c7@example.com>
Content-Type: text/plain; charset=utf-8
Content-Transfer-Encoding: quoted-printable

مرحباً Hayley Reilly!

🎉 تمت الموافقة على طلب تسجيلك طالب في نظام إدارة المدرسة.

✅ بريدك الإلكتروني مفعل.
✅ تمت الموافقة على طلبك من قبل الإدارة.

يمكنك الآن تسجيل الدخول إلى حسابك والبدء في استخدام النظام.

نتمنى لك التوفيق!

--
إدارة المدرسة  
[2026-04-24 15:30:30] local.ERROR: require(D:\laravel\School Managment System\bootstrap/../routes/api.php): Failed to open stream: No such file or directory {"exception":"[object] (ErrorException(code: 0): require(D:\\laravel\\School Managment System\\bootstrap/../routes/api.php): Failed to open stream: No such file or directory at D:\\laravel\\School Managment System\\vendor\\laravel\\framework\\src\\Illuminate\\Routing\\RouteFileRegistrar.php:35)
[stacktrace]
#0 D:\\laravel\\School Managment System\\vendor\\laravel\\framework\\src\\Illuminate\\Foundation\\Bootstrap\\HandleExceptions.php(258): Illuminate\\Foundation\\Bootstrap\\HandleExceptions->handleError()
#1 D:\\laravel\\School Managment System\\vendor\\laravel\\framework\\src\\Illuminate\\Routing\\RouteFileRegistrar.php(35): Illuminate\\Foundation\\Bootstrap\\HandleExceptions->Illuminate\\Foundation\\Bootstrap\\{closure}()
#2 D:\\laravel\\School Managment System\\vendor\\laravel\\framework\\src\\Illuminate\\Routing\\RouteFileRegistrar.php(35): require('...')
#3 D:\\laravel\\School Managment System\\vendor\\laravel\\framework\\src\\Illuminate\\Routing\\Router.php(513): Illuminate\\Routing\\RouteFileRegistrar->register()
#4 D:\\laravel\\School Managment System\\vendor\\laravel\\framework\\src\\Illuminate\\Routing\\Router.php(467): Illuminate\\Routing\\Router->loadRoutes()
#5 D:\\laravel\\School Managment System\\vendor\\laravel\\framework\\src\\Illuminate\\Routing\\RouteRegistrar.php(207): Illuminate\\Routing\\Router->group()
#6 D:\\laravel\\School Managment System\\vendor\\laravel\\framework\\src\\Illuminate\\Foundation\\Configuration\\ApplicationBuilder.php(214): Illuminate\\Routing\\RouteRegistrar->group()
#7 D:\\laravel\\School Managment System\\vendor\\laravel\\framework\\src\\Illuminate\\Container\\BoundMethod.php(36): Illuminate\\Foundation\\Configuration\\ApplicationBuilder->Illuminate\\Foundation\\Configuration\\{closure}()
#8 D:\\laravel\\School Managment System\\vendor\\laravel\\framework\\src\\Illuminate\\Container\\Util.php(43): Illuminate\\Container\\BoundMethod::Illuminate\\Container\\{closure}()
#9 D:\\laravel\\School Managment System\\vendor\\laravel\\framework\\src\\Illuminate\\Container\\BoundMethod.php(83): Illuminate\\Container\\Util::unwrapIfClosure()
#10 D:\\laravel\\School Managment System\\vendor\\laravel\\framework\\src\\Illuminate\\Container\\BoundMethod.php(35): Illuminate\\Container\\BoundMethod::callBoundMethod()
#11 D:\\laravel\\School Managment System\\vendor\\laravel\\framework\\src\\Illuminate\\Container\\Container.php(696): Illuminate\\Container\\BoundMethod::call()
#12 D:\\laravel\\School Managment System\\vendor\\laravel\\framework\\src\\Illuminate\\Foundation\\Support\\Providers\\RouteServiceProvider.php(162): Illuminate\\Container\\Container->call()
#13 D:\\laravel\\School Managment System\\vendor\\laravel\\framework\\src\\Illuminate\\Foundation\\Support\\Providers\\RouteServiceProvider.php(59): Illuminate\\Foundation\\Support\\Providers\\RouteServiceProvider->loadRoutes()
#14 D:\\laravel\\School Managment System\\vendor\\laravel\\framework\\src\\Illuminate\\Container\\BoundMethod.php(36): Illuminate\\Foundation\\Support\\Providers\\RouteServiceProvider->Illuminate\\Foundation\\Support\\Providers\\{closure}()
#15 D:\\laravel\\School Managment System\\vendor\\laravel\\framework\\src\\Illuminate\\Container\\Util.php(43): Illuminate\\Container\\BoundMethod::Illuminate\\Container\\{closure}()
#16 D:\\laravel\\School Managment System\\vendor\\laravel\\framework\\src\\Illuminate\\Container\\BoundMethod.php(83): Illuminate\\Container\\Util::unwrapIfClosure()
#17 D:\\laravel\\School Managment System\\vendor\\laravel\\framework\\src\\Illuminate\\Container\\BoundMethod.php(35): Illuminate\\Container\\BoundMethod::callBoundMethod()
#18 D:\\laravel\\School Managment System\\vendor\\laravel\\framework\\src\\Illuminate\\Container\\Container.php(696): Illuminate\\Container\\BoundMethod::call()
#19 D:\\laravel\\School Managment System\\vendor\\laravel\\framework\\src\\Illuminate\\Support\\ServiceProvider.php(144): Illuminate\\Container\\Container->call()
#20 D:\\laravel\\School Managment System\\vendor\\laravel\\framework\\src\\Illuminate\\Foundation\\Application.php(1154): Illuminate\\Support\\ServiceProvider->callBootedCallbacks()
#21 D:\\laravel\\School Managment System\\vendor\\laravel\\framework\\src\\Illuminate\\Foundation\\Application.php(1132): Illuminate\\Foundation\\Application->bootProvider()
#22 [internal function]: Illuminate\\Foundation\\Application->Illuminate\\Foundation\\{closure}()
#23 D:\\laravel\\School Managment System\\vendor\\laravel\\framework\\src\\Illuminate\\Foundation\\Application.php(1131): array_walk()
#24 D:\\laravel\\School Managment System\\vendor\\laravel\\framework\\src\\Illuminate\\Foundation\\Bootstrap\\BootProviders.php(17): Illuminate\\Foundation\\Application->boot()
#25 D:\\laravel\\School Managment System\\vendor\\laravel\\framework\\src\\Illuminate\\Foundation\\Application.php(342): Illuminate\\Foundation\\Bootstrap\\BootProviders->bootstrap()
#26 D:\\laravel\\School Managment System\\vendor\\laravel\\framework\\src\\Illuminate\\Foundation\\Console\\Kernel.php(474): Illuminate\\Foundation\\Application->bootstrapWith()
#27 D:\\laravel\\School Managment System\\vendor\\laravel\\framework\\src\\Illuminate\\Foundation\\Console\\Kernel.php(196): Illuminate\\Foundation\\Console\\Kernel->bootstrap()
#28 D:\\laravel\\School Managment System\\vendor\\laravel\\framework\\src\\Illuminate\\Foundation\\Application.php(1235): Illuminate\\Foundation\\Console\\Kernel->handle()
#29 D:\\laravel\\School Managment System\\artisan(13): Illuminate\\Foundation\\Application->handleCommand()
#30 {main}
"} 
[2026-04-24 15:39:57] local.ERROR: SQLSTATE[HY000] [2002] No connection could be made because the target machine actively refused it (Connection: mysql, SQL: select exists (select 1 from information_schema.tables where table_schema = 'School_Management_System' and table_name = 'migrations' and table_type in ('BASE TABLE', 'SYSTEM VERSIONED')) as `exists`) {"exception":"[object] (Illuminate\\Database\\QueryException(code: 2002): SQLSTATE[HY000] [2002] No connection could be made because the target machine actively refused it (Connection: mysql, SQL: select exists (select 1 from information_schema.tables where table_schema = 'School_Management_System' and table_name = 'migrations' and table_type in ('BASE TABLE', 'SYSTEM VERSIONED')) as `exists`) at D:\\laravel\\School Managment System\\vendor\\laravel\\framework\\src\\Illuminate\\Database\\Connection.php:825)
[stacktrace]
#0 D:\\laravel\\School Managment System\\vendor\\laravel\\framework\\src\\Illuminate\\Database\\Connection.php(979): Illuminate\\Database\\Connection->runQueryCallback()
#1 D:\\laravel\\School Managment System\\vendor\\laravel\\framework\\src\\Illuminate\\Database\\Connection.php(958): Illuminate\\Database\\Connection->tryAgainIfCausedByLostConnection()
#2 D:\\laravel\\School Managment System\\vendor\\laravel\\framework\\src\\Illuminate\\Database\\Connection.php(781): Illuminate\\Database\\Connection->handleQueryException()
#3 D:\\laravel\\School Managment System\\vendor\\laravel\\framework\\src\\Illuminate\\Database\\Connection.php(398): Illuminate\\Database\\Connection->run()
#4 D:\\laravel\\School Managment System\\vendor\\laravel\\framework\\src\\Illuminate\\Database\\Connection.php(344): Illuminate\\Database\\Connection->select()
#5 D:\\laravel\\School Managment System\\vendor\\laravel\\framework\\src\\Illuminate\\Database\\Connection.php(361): Illuminate\\Database\\Connection->selectOne()
#6 D:\\laravel\\School Managment System\\vendor\\laravel\\framework\\src\\Illuminate\\Database\\Schema\\MySqlBuilder.php(45): Illuminate\\Database\\Connection->scalar()
#7 D:\\laravel\\School Managment System\\vendor\\laravel\\framework\\src\\Illuminate\\Database\\Migrations\\DatabaseMigrationRepository.php(184): Illuminate\\Database\\Schema\\MySqlBuilder->hasTable()
#8 D:\\laravel\\School Managment System\\vendor\\laravel\\framework\\src\\Illuminate\\Database\\Migrations\\Migrator.php(742): Illuminate\\Database\\Migrations\\DatabaseMigrationRepository->repositoryExists()
#9 D:\\laravel\\School Managment System\\vendor\\laravel\\framework\\src\\Illuminate\\Database\\Console\\Migrations\\MigrateCommand.php(165): Illuminate\\Database\\Migrations\\Migrator->repositoryExists()
#10 D:\\laravel\\School Managment System\\vendor\\laravel\\framework\\src\\Illuminate\\Support\\helpers.php(338): Illuminate\\Database\\Console\\Migrations\\MigrateCommand->Illuminate\\Database\\Console\\Migrations\\{closure}()
#11 D:\\laravel\\School Managment System\\vendor\\laravel\\framework\\src\\Illuminate\\Database\\Console\\Migrations\\MigrateCommand.php(165): retry()
#12 D:\\laravel\\School Managment System\\vendor\\laravel\\framework\\src\\Illuminate\\Database\\Console\\Migrations\\MigrateCommand.php(141): Illuminate\\Database\\Console\\Migrations\\MigrateCommand->repositoryExists()
#13 D:\\laravel\\School Managment System\\vendor\\laravel\\framework\\src\\Illuminate\\Database\\Console\\Migrations\\MigrateCommand.php(111): Illuminate\\Database\\Console\\Migrations\\MigrateCommand->prepareDatabase()
#14 D:\\laravel\\School Managment System\\vendor\\laravel\\framework\\src\\Illuminate\\Database\\Migrations\\Migrator.php(658): Illuminate\\Database\\Console\\Migrations\\MigrateCommand->Illuminate\\Database\\Console\\Migrations\\{closure}()
#15 D:\\laravel\\School Managment System\\vendor\\laravel\\framework\\src\\Illuminate\\Database\\Console\\Migrations\\MigrateCommand.php(110): Illuminate\\Database\\Migrations\\Migrator->usingConnection()
#16 D:\\laravel\\School Managment System\\vendor\\laravel\\framework\\src\\Illuminate\\Database\\Console\\Migrations\\MigrateCommand.php(89): Illuminate\\Database\\Console\\Migrations\\MigrateCommand->runMigrations()
#17 D:\\laravel\\School Managment System\\vendor\\laravel\\framework\\src\\Illuminate\\Container\\BoundMethod.php(36): Illuminate\\Database\\Console\\Migrations\\MigrateCommand->handle()
#18 D:\\laravel\\School Managment System\\vendor\\laravel\\framework\\src\\Illuminate\\Container\\Util.php(43): Illuminate\\Container\\BoundMethod::Illuminate\\Container\\{closure}()
#19 D:\\laravel\\School Managment System\\vendor\\laravel\\framework\\src\\Illuminate\\Container\\BoundMethod.php(95): Illuminate\\Container\\Util::unwrapIfClosure()
#20 D:\\laravel\\School Managment System\\vendor\\laravel\\framework\\src\\Illuminate\\Container\\BoundMethod.php(35): Illuminate\\Container\\BoundMethod::callBoundMethod()
#21 D:\\laravel\\School Managment System\\vendor\\laravel\\framework\\src\\Illuminate\\Container\\Container.php(696): Illuminate\\Container\\BoundMethod::call()
#22 D:\\laravel\\School Managment System\\vendor\\laravel\\framework\\src\\Illuminate\\Console\\Command.php(213): Illuminate\\Container\\Container->call()
#23 D:\\laravel\\School Managment System\\vendor\\symfony\\console\\Command\\Command.php(318): Illuminate\\Console\\Command->execute()
#24 D:\\laravel\\School Managment System\\vendor\\laravel\\framework\\src\\Illuminate\\Console\\Command.php(182): Symfony\\Component\\Console\\Command\\Command->run()
#25 D:\\laravel\\School Managment System\\vendor\\symfony\\console\\Application.php(1073): Illuminate\\Console\\Command->run()
#26 D:\\laravel\\School Managment System\\vendor\\symfony\\console\\Application.php(356): Symfony\\Component\\Console\\Application->doRunCommand()
#27 D:\\laravel\\School Managment System\\vendor\\symfony\\console\\Application.php(195): Symfony\\Component\\Console\\Application->doRun()
#28 D:\\laravel\\School Managment System\\vendor\\laravel\\framework\\src\\Illuminate\\Foundation\\Console\\Kernel.php(198): Symfony\\Component\\Console\\Application->run()
#29 D:\\laravel\\School Managment System\\vendor\\laravel\\framework\\src\\Illuminate\\Foundation\\Application.php(1235): Illuminate\\Foundation\\Console\\Kernel->handle()
#30 D:\\laravel\\School Managment System\\artisan(13): Illuminate\\Foundation\\Application->handleCommand()
#31 {main}

[previous exception] [object] (PDOException(code: 2002): SQLSTATE[HY000] [2002] No connection could be made because the target machine actively refused it at D:\\laravel\\School Managment System\\vendor\\laravel\\framework\\src\\Illuminate\\Database\\Connectors\\Connector.php:66)
[stacktrace]
#0 D:\\laravel\\School Managment System\\vendor\\laravel\\framework\\src\\Illuminate\\Database\\Connectors\\Connector.php(66): PDO->__construct()
#1 D:\\laravel\\School Managment System\\vendor\\laravel\\framework\\src\\Illuminate\\Database\\Connectors\\Connector.php(85): Illuminate\\Database\\Connectors\\Connector->createPdoConnection()
#2 D:\\laravel\\School Managment System\\vendor\\laravel\\framework\\src\\Illuminate\\Database\\Connectors\\Connector.php(48): Illuminate\\Database\\Connectors\\Connector->tryAgainIfCausedByLostConnection()
#3 D:\\laravel\\School Managment System\\vendor\\laravel\\framework\\src\\Illuminate\\Database\\Connectors\\MySqlConnector.php(24): Illuminate\\Database\\Connectors\\Connector->createConnection()
#4 D:\\laravel\\School Managment System\\vendor\\laravel\\framework\\src\\Illuminate\\Database\\Connectors\\ConnectionFactory.php(185): Illuminate\\Database\\Connectors\\MySqlConnector->connect()
#5 [internal function]: Illuminate\\Database\\Connectors\\ConnectionFactory->Illuminate\\Database\\Connectors\\{closure}()
#6 D:\\laravel\\School Managment System\\vendor\\laravel\\framework\\src\\Illuminate\\Database\\Connection.php(1231): call_user_func()
#7 D:\\laravel\\School Managment System\\vendor\\laravel\\framework\\src\\Illuminate\\Database\\Connection.php(1267): Illuminate\\Database\\Connection->getPdo()
#8 D:\\laravel\\School Managment System\\vendor\\laravel\\framework\\src\\Illuminate\\Database\\Connection.php(512): Illuminate\\Database\\Connection->getReadPdo()
#9 D:\\laravel\\School Managment System\\vendor\\laravel\\framework\\src\\Illuminate\\Database\\Connection.php(407): Illuminate\\Database\\Connection->getPdoForSelect()
#10 D:\\laravel\\School Managment System\\vendor\\laravel\\framework\\src\\Illuminate\\Database\\Connection.php(812): Illuminate\\Database\\Connection->Illuminate\\Database\\{closure}()
#11 D:\\laravel\\School Managment System\\vendor\\laravel\\framework\\src\\Illuminate\\Database\\Connection.php(979): Illuminate\\Database\\Connection->runQueryCallback()
#12 D:\\laravel\\School Managment System\\vendor\\laravel\\framework\\src\\Illuminate\\Database\\Connection.php(958): Illuminate\\Database\\Connection->tryAgainIfCausedByLostConnection()
#13 D:\\laravel\\School Managment System\\vendor\\laravel\\framework\\src\\Illuminate\\Database\\Connection.php(781): Illuminate\\Database\\Connection->handleQueryException()
#14 D:\\laravel\\School Managment System\\vendor\\laravel\\framework\\src\\Illuminate\\Database\\Connection.php(398): Illuminate\\Database\\Connection->run()
#15 D:\\laravel\\School Managment System\\vendor\\laravel\\framework\\src\\Illuminate\\Database\\Connection.php(344): Illuminate\\Database\\Connection->select()
#16 D:\\laravel\\School Managment System\\vendor\\laravel\\framework\\src\\Illuminate\\Database\\Connection.php(361): Illuminate\\Database\\Connection->selectOne()
#17 D:\\laravel\\School Managment System\\vendor\\laravel\\framework\\src\\Illuminate\\Database\\Schema\\MySqlBuilder.php(45): Illuminate\\Database\\Connection->scalar()
#18 D:\\laravel\\School Managment System\\vendor\\laravel\\framework\\src\\Illuminate\\Database\\Migrations\\DatabaseMigrationRepository.php(184): Illuminate\\Database\\Schema\\MySqlBuilder->hasTable()
#19 D:\\laravel\\School Managment System\\vendor\\laravel\\framework\\src\\Illuminate\\Database\\Migrations\\Migrator.php(742): Illuminate\\Database\\Migrations\\DatabaseMigrationRepository->repositoryExists()
#20 D:\\laravel\\School Managment System\\vendor\\laravel\\framework\\src\\Illuminate\\Database\\Console\\Migrations\\MigrateCommand.php(165): Illuminate\\Database\\Migrations\\Migrator->repositoryExists()
#21 D:\\laravel\\School Managment System\\vendor\\laravel\\framework\\src\\Illuminate\\Support\\helpers.php(338): Illuminate\\Database\\Console\\Migrations\\MigrateCommand->Illuminate\\Database\\Console\\Migrations\\{closure}()
#22 D:\\laravel\\School Managment System\\vendor\\laravel\\framework\\src\\Illuminate\\Database\\Console\\Migrations\\MigrateCommand.php(165): retry()
#23 D:\\laravel\\School Managment System\\vendor\\laravel\\framework\\src\\Illuminate\\Database\\Console\\Migrations\\MigrateCommand.php(141): Illuminate\\Database\\Console\\Migrations\\MigrateCommand->repositoryExists()
#24 D:\\laravel\\School Managment System\\vendor\\laravel\\framework\\src\\Illuminate\\Database\\Console\\Migrations\\MigrateCommand.php(111): Illuminate\\Database\\Console\\Migrations\\MigrateCommand->prepareDatabase()
#25 D:\\laravel\\School Managment System\\vendor\\laravel\\framework\\src\\Illuminate\\Database\\Migrations\\Migrator.php(658): Illuminate\\Database\\Console\\Migrations\\MigrateCommand->Illuminate\\Database\\Console\\Migrations\\{closure}()
#26 D:\\laravel\\School Managment System\\vendor\\laravel\\framework\\src\\Illuminate\\Database\\Console\\Migrations\\MigrateCommand.php(110): Illuminate\\Database\\Migrations\\Migrator->usingConnection()
#27 D:\\laravel\\School Managment System\\vendor\\laravel\\framework\\src\\Illuminate\\Database\\Console\\Migrations\\MigrateCommand.php(89): Illuminate\\Database\\Console\\Migrations\\MigrateCommand->runMigrations()
#28 D:\\laravel\\School Managment System\\vendor\\laravel\\framework\\src\\Illuminate\\Container\\BoundMethod.php(36): Illuminate\\Database\\Console\\Migrations\\MigrateCommand->handle()
#29 D:\\laravel\\School Managment System\\vendor\\laravel\\framework\\src\\Illuminate\\Container\\Util.php(43): Illuminate\\Container\\BoundMethod::Illuminate\\Container\\{closure}()
#30 D:\\laravel\\School Managment System\\vendor\\laravel\\framework\\src\\Illuminate\\Container\\BoundMethod.php(95): Illuminate\\Container\\Util::unwrapIfClosure()
#31 D:\\laravel\\School Managment System\\vendor\\laravel\\framework\\src\\Illuminate\\Container\\BoundMethod.php(35): Illuminate\\Container\\BoundMethod::callBoundMethod()
#32 D:\\laravel\\School Managment System\\vendor\\laravel\\framework\\src\\Illuminate\\Container\\Container.php(696): Illuminate\\Container\\BoundMethod::call()
#33 D:\\laravel\\School Managment System\\vendor\\laravel\\framework\\src\\Illuminate\\Console\\Command.php(213): Illuminate\\Container\\Container->call()
#34 D:\\laravel\\School Managment System\\vendor\\symfony\\console\\Command\\Command.php(318): Illuminate\\Console\\Command->execute()
#35 D:\\laravel\\School Managment System\\vendor\\laravel\\framework\\src\\Illuminate\\Console\\Command.php(182): Symfony\\Component\\Console\\Command\\Command->run()
#36 D:\\laravel\\School Managment System\\vendor\\symfony\\console\\Application.php(1073): Illuminate\\Console\\Command->run()
#37 D:\\laravel\\School Managment System\\vendor\\symfony\\console\\Application.php(356): Symfony\\Component\\Console\\Application->doRunCommand()
#38 D:\\laravel\\School Managment System\\vendor\\symfony\\console\\Application.php(195): Symfony\\Component\\Console\\Application->doRun()
#39 D:\\laravel\\School Managment System\\vendor\\laravel\\framework\\src\\Illuminate\\Foundation\\Console\\Kernel.php(198): Symfony\\Component\\Console\\Application->run()
#40 D:\\laravel\\School Managment System\\vendor\\laravel\\framework\\src\\Illuminate\\Foundation\\Application.php(1235): Illuminate\\Foundation\\Console\\Kernel->handle()
#41 D:\\laravel\\School Managment System\\artisan(13): Illuminate\\Foundation\\Application->handleCommand()
#42 {main}
"} 
[2026-04-24 15:45:56] local.ERROR: SQLSTATE[HY000] [2002] No connection could be made because the target machine actively refused it (Connection: mysql, SQL: select exists (select 1 from information_schema.tables where table_schema = 'School_Management_System' and table_name = 'migrations' and table_type in ('BASE TABLE', 'SYSTEM VERSIONED')) as `exists`) {"exception":"[object] (Illuminate\\Database\\QueryException(code: 2002): SQLSTATE[HY000] [2002] No connection could be made because the target machine actively refused it (Connection: mysql, SQL: select exists (select 1 from information_schema.tables where table_schema = 'School_Management_System' and table_name = 'migrations' and table_type in ('BASE TABLE', 'SYSTEM VERSIONED')) as `exists`) at D:\\laravel\\School Managment System\\vendor\\laravel\\framework\\src\\Illuminate\\Database\\Connection.php:825)
[stacktrace]
#0 D:\\laravel\\School Managment System\\vendor\\laravel\\framework\\src\\Illuminate\\Database\\Connection.php(979): Illuminate\\Database\\Connection->runQueryCallback()
#1 D:\\laravel\\School Managment System\\vendor\\laravel\\framework\\src\\Illuminate\\Database\\Connection.php(958): Illuminate\\Database\\Connection->tryAgainIfCausedByLostConnection()
#2 D:\\laravel\\School Managment System\\vendor\\laravel\\framework\\src\\Illuminate\\Database\\Connection.php(781): Illuminate\\Database\\Connection->handleQueryException()
#3 D:\\laravel\\School Managment System\\vendor\\laravel\\framework\\src\\Illuminate\\Database\\Connection.php(398): Illuminate\\Database\\Connection->run()
#4 D:\\laravel\\School Managment System\\vendor\\laravel\\framework\\src\\Illuminate\\Database\\Connection.php(344): Illuminate\\Database\\Connection->select()
#5 D:\\laravel\\School Managment System\\vendor\\laravel\\framework\\src\\Illuminate\\Database\\Connection.php(361): Illuminate\\Database\\Connection->selectOne()
#6 D:\\laravel\\School Managment System\\vendor\\laravel\\framework\\src\\Illuminate\\Database\\Schema\\MySqlBuilder.php(45): Illuminate\\Database\\Connection->scalar()
#7 D:\\laravel\\School Managment System\\vendor\\laravel\\framework\\src\\Illuminate\\Database\\Migrations\\DatabaseMigrationRepository.php(184): Illuminate\\Database\\Schema\\MySqlBuilder->hasTable()
#8 D:\\laravel\\School Managment System\\vendor\\laravel\\framework\\src\\Illuminate\\Database\\Migrations\\Migrator.php(742): Illuminate\\Database\\Migrations\\DatabaseMigrationRepository->repositoryExists()
#9 D:\\laravel\\School Managment System\\vendor\\laravel\\framework\\src\\Illuminate\\Database\\Console\\Migrations\\MigrateCommand.php(165): Illuminate\\Database\\Migrations\\Migrator->repositoryExists()
#10 D:\\laravel\\School Managment System\\vendor\\laravel\\framework\\src\\Illuminate\\Support\\helpers.php(338): Illuminate\\Database\\Console\\Migrations\\MigrateCommand->Illuminate\\Database\\Console\\Migrations\\{closure}()
#11 D:\\laravel\\School Managment System\\vendor\\laravel\\framework\\src\\Illuminate\\Database\\Console\\Migrations\\MigrateCommand.php(165): retry()
#12 D:\\laravel\\School Managment System\\vendor\\laravel\\framework\\src\\Illuminate\\Database\\Console\\Migrations\\MigrateCommand.php(141): Illuminate\\Database\\Console\\Migrations\\MigrateCommand->repositoryExists()
#13 D:\\laravel\\School Managment System\\vendor\\laravel\\framework\\src\\Illuminate\\Database\\Console\\Migrations\\MigrateCommand.php(111): Illuminate\\Database\\Console\\Migrations\\MigrateCommand->prepareDatabase()
#14 D:\\laravel\\School Managment System\\vendor\\laravel\\framework\\src\\Illuminate\\Database\\Migrations\\Migrator.php(658): Illuminate\\Database\\Console\\Migrations\\MigrateCommand->Illuminate\\Database\\Console\\Migrations\\{closure}()
#15 D:\\laravel\\School Managment System\\vendor\\laravel\\framework\\src\\Illuminate\\Database\\Console\\Migrations\\MigrateCommand.php(110): Illuminate\\Database\\Migrations\\Migrator->usingConnection()
#16 D:\\laravel\\School Managment System\\vendor\\laravel\\framework\\src\\Illuminate\\Database\\Console\\Migrations\\MigrateCommand.php(89): Illuminate\\Database\\Console\\Migrations\\MigrateCommand->runMigrations()
#17 D:\\laravel\\School Managment System\\vendor\\laravel\\framework\\src\\Illuminate\\Container\\BoundMethod.php(36): Illuminate\\Database\\Console\\Migrations\\MigrateCommand->handle()
#18 D:\\laravel\\School Managment System\\vendor\\laravel\\framework\\src\\Illuminate\\Container\\Util.php(43): Illuminate\\Container\\BoundMethod::Illuminate\\Container\\{closure}()
#19 D:\\laravel\\School Managment System\\vendor\\laravel\\framework\\src\\Illuminate\\Container\\BoundMethod.php(95): Illuminate\\Container\\Util::unwrapIfClosure()
#20 D:\\laravel\\School Managment System\\vendor\\laravel\\framework\\src\\Illuminate\\Container\\BoundMethod.php(35): Illuminate\\Container\\BoundMethod::callBoundMethod()
#21 D:\\laravel\\School Managment System\\vendor\\laravel\\framework\\src\\Illuminate\\Container\\Container.php(696): Illuminate\\Container\\BoundMethod::call()
#22 D:\\laravel\\School Managment System\\vendor\\laravel\\framework\\src\\Illuminate\\Console\\Command.php(213): Illuminate\\Container\\Container->call()
#23 D:\\laravel\\School Managment System\\vendor\\symfony\\console\\Command\\Command.php(318): Illuminate\\Console\\Command->execute()
#24 D:\\laravel\\School Managment System\\vendor\\laravel\\framework\\src\\Illuminate\\Console\\Command.php(182): Symfony\\Component\\Console\\Command\\Command->run()
#25 D:\\laravel\\School Managment System\\vendor\\symfony\\console\\Application.php(1073): Illuminate\\Console\\Command->run()
#26 D:\\laravel\\School Managment System\\vendor\\symfony\\console\\Application.php(356): Symfony\\Component\\Console\\Application->doRunCommand()
#27 D:\\laravel\\School Managment System\\vendor\\symfony\\console\\Application.php(195): Symfony\\Component\\Console\\Application->doRun()
#28 D:\\laravel\\School Managment System\\vendor\\laravel\\framework\\src\\Illuminate\\Foundation\\Console\\Kernel.php(198): Symfony\\Component\\Console\\Application->run()
#29 D:\\laravel\\School Managment System\\vendor\\laravel\\framework\\src\\Illuminate\\Foundation\\Application.php(1235): Illuminate\\Foundation\\Console\\Kernel->handle()
#30 D:\\laravel\\School Managment System\\artisan(13): Illuminate\\Foundation\\Application->handleCommand()
#31 {main}

[previous exception] [object] (PDOException(code: 2002): SQLSTATE[HY000] [2002] No connection could be made because the target machine actively refused it at D:\\laravel\\School Managment System\\vendor\\laravel\\framework\\src\\Illuminate\\Database\\Connectors\\Connector.php:66)
[stacktrace]
#0 D:\\laravel\\School Managment System\\vendor\\laravel\\framework\\src\\Illuminate\\Database\\Connectors\\Connector.php(66): PDO->__construct()
#1 D:\\laravel\\School Managment System\\vendor\\laravel\\framework\\src\\Illuminate\\Database\\Connectors\\Connector.php(85): Illuminate\\Database\\Connectors\\Connector->createPdoConnection()
#2 D:\\laravel\\School Managment System\\vendor\\laravel\\framework\\src\\Illuminate\\Database\\Connectors\\Connector.php(48): Illuminate\\Database\\Connectors\\Connector->tryAgainIfCausedByLostConnection()
#3 D:\\laravel\\School Managment System\\vendor\\laravel\\framework\\src\\Illuminate\\Database\\Connectors\\MySqlConnector.php(24): Illuminate\\Database\\Connectors\\Connector->createConnection()
#4 D:\\laravel\\School Managment System\\vendor\\laravel\\framework\\src\\Illuminate\\Database\\Connectors\\ConnectionFactory.php(185): Illuminate\\Database\\Connectors\\MySqlConnector->connect()
#5 [internal function]: Illuminate\\Database\\Connectors\\ConnectionFactory->Illuminate\\Database\\Connectors\\{closure}()
#6 D:\\laravel\\School Managment System\\vendor\\laravel\\framework\\src\\Illuminate\\Database\\Connection.php(1231): call_user_func()
#7 D:\\laravel\\School Managment System\\vendor\\laravel\\framework\\src\\Illuminate\\Database\\Connection.php(1267): Illuminate\\Database\\Connection->getPdo()
#8 D:\\laravel\\School Managment System\\vendor\\laravel\\framework\\src\\Illuminate\\Database\\Connection.php(512): Illuminate\\Database\\Connection->getReadPdo()
#9 D:\\laravel\\School Managment System\\vendor\\laravel\\framework\\src\\Illuminate\\Database\\Connection.php(407): Illuminate\\Database\\Connection->getPdoForSelect()
#10 D:\\laravel\\School Managment System\\vendor\\laravel\\framework\\src\\Illuminate\\Database\\Connection.php(812): Illuminate\\Database\\Connection->Illuminate\\Database\\{closure}()
#11 D:\\laravel\\School Managment System\\vendor\\laravel\\framework\\src\\Illuminate\\Database\\Connection.php(979): Illuminate\\Database\\Connection->runQueryCallback()
#12 D:\\laravel\\School Managment System\\vendor\\laravel\\framework\\src\\Illuminate\\Database\\Connection.php(958): Illuminate\\Database\\Connection->tryAgainIfCausedByLostConnection()
#13 D:\\laravel\\School Managment System\\vendor\\laravel\\framework\\src\\Illuminate\\Database\\Connection.php(781): Illuminate\\Database\\Connection->handleQueryException()
#14 D:\\laravel\\School Managment System\\vendor\\laravel\\framework\\src\\Illuminate\\Database\\Connection.php(398): Illuminate\\Database\\Connection->run()
#15 D:\\laravel\\School Managment System\\vendor\\laravel\\framework\\src\\Illuminate\\Database\\Connection.php(344): Illuminate\\Database\\Connection->select()
#16 D:\\laravel\\School Managment System\\vendor\\laravel\\framework\\src\\Illuminate\\Database\\Connection.php(361): Illuminate\\Database\\Connection->selectOne()
#17 D:\\laravel\\School Managment System\\vendor\\laravel\\framework\\src\\Illuminate\\Database\\Schema\\MySqlBuilder.php(45): Illuminate\\Database\\Connection->scalar()
#18 D:\\laravel\\School Managment System\\vendor\\laravel\\framework\\src\\Illuminate\\Database\\Migrations\\DatabaseMigrationRepository.php(184): Illuminate\\Database\\Schema\\MySqlBuilder->hasTable()
#19 D:\\laravel\\School Managment System\\vendor\\laravel\\framework\\src\\Illuminate\\Database\\Migrations\\Migrator.php(742): Illuminate\\Database\\Migrations\\DatabaseMigrationRepository->repositoryExists()
#20 D:\\laravel\\School Managment System\\vendor\\laravel\\framework\\src\\Illuminate\\Database\\Console\\Migrations\\MigrateCommand.php(165): Illuminate\\Database\\Migrations\\Migrator->repositoryExists()
#21 D:\\laravel\\School Managment System\\vendor\\laravel\\framework\\src\\Illuminate\\Support\\helpers.php(338): Illuminate\\Database\\Console\\Migrations\\MigrateCommand->Illuminate\\Database\\Console\\Migrations\\{closure}()
#22 D:\\laravel\\School Managment System\\vendor\\laravel\\framework\\src\\Illuminate\\Database\\Console\\Migrations\\MigrateCommand.php(165): retry()
#23 D:\\laravel\\School Managment System\\vendor\\laravel\\framework\\src\\Illuminate\\Database\\Console\\Migrations\\MigrateCommand.php(141): Illuminate\\Database\\Console\\Migrations\\MigrateCommand->repositoryExists()
#24 D:\\laravel\\School Managment System\\vendor\\laravel\\framework\\src\\Illuminate\\Database\\Console\\Migrations\\MigrateCommand.php(111): Illuminate\\Database\\Console\\Migrations\\MigrateCommand->prepareDatabase()
#25 D:\\laravel\\School Managment System\\vendor\\laravel\\framework\\src\\Illuminate\\Database\\Migrations\\Migrator.php(658): Illuminate\\Database\\Console\\Migrations\\MigrateCommand->Illuminate\\Database\\Console\\Migrations\\{closure}()
#26 D:\\laravel\\School Managment System\\vendor\\laravel\\framework\\src\\Illuminate\\Database\\Console\\Migrations\\MigrateCommand.php(110): Illuminate\\Database\\Migrations\\Migrator->usingConnection()
#27 D:\\laravel\\School Managment System\\vendor\\laravel\\framework\\src\\Illuminate\\Database\\Console\\Migrations\\MigrateCommand.php(89): Illuminate\\Database\\Console\\Migrations\\MigrateCommand->runMigrations()
#28 D:\\laravel\\School Managment System\\vendor\\laravel\\framework\\src\\Illuminate\\Container\\BoundMethod.php(36): Illuminate\\Database\\Console\\Migrations\\MigrateCommand->handle()
#29 D:\\laravel\\School Managment System\\vendor\\laravel\\framework\\src\\Illuminate\\Container\\Util.php(43): Illuminate\\Container\\BoundMethod::Illuminate\\Container\\{closure}()
#30 D:\\laravel\\School Managment System\\vendor\\laravel\\framework\\src\\Illuminate\\Container\\BoundMethod.php(95): Illuminate\\Container\\Util::unwrapIfClosure()
#31 D:\\laravel\\School Managment System\\vendor\\laravel\\framework\\src\\Illuminate\\Container\\BoundMethod.php(35): Illuminate\\Container\\BoundMethod::callBoundMethod()
#32 D:\\laravel\\School Managment System\\vendor\\laravel\\framework\\src\\Illuminate\\Container\\Container.php(696): Illuminate\\Container\\BoundMethod::call()
#33 D:\\laravel\\School Managment System\\vendor\\laravel\\framework\\src\\Illuminate\\Console\\Command.php(213): Illuminate\\Container\\Container->call()
#34 D:\\laravel\\School Managment System\\vendor\\symfony\\console\\Command\\Command.php(318): Illuminate\\Console\\Command->execute()
#35 D:\\laravel\\School Managment System\\vendor\\laravel\\framework\\src\\Illuminate\\Console\\Command.php(182): Symfony\\Component\\Console\\Command\\Command->run()
#36 D:\\laravel\\School Managment System\\vendor\\symfony\\console\\Application.php(1073): Illuminate\\Console\\Command->run()
#37 D:\\laravel\\School Managment System\\vendor\\symfony\\console\\Application.php(356): Symfony\\Component\\Console\\Application->doRunCommand()
#38 D:\\laravel\\School Managment System\\vendor\\symfony\\console\\Application.php(195): Symfony\\Component\\Console\\Application->doRun()
#39 D:\\laravel\\School Managment System\\vendor\\laravel\\framework\\src\\Illuminate\\Foundation\\Console\\Kernel.php(198): Symfony\\Component\\Console\\Application->run()
#40 D:\\laravel\\School Managment System\\vendor\\laravel\\framework\\src\\Illuminate\\Foundation\\Application.php(1235): Illuminate\\Foundation\\Console\\Kernel->handle()
#41 D:\\laravel\\School Managment System\\artisan(13): Illuminate\\Foundation\\Application->handleCommand()
#42 {main}
"} 
[2026-04-24 18:07:21] local.ERROR: Command "make:Service" is not defined.

Did you mean one of these?
    make:cache-table
    make:cast
    make:channel
    make:class
    make:command
    make:component
    make:controller
    make:enum
    make:event
    make:exception
    make:factory
    make:interface
    make:job
    make:job-middleware
    make:listener
    make:mail
    make:middleware
    make:migration
    make:model
    make:notification
    make:notifications-table
    make:observer
    make:policy
    make:provider
    make:queue-batches-table
    make:queue-failed-table
    make:queue-table
    make:request
    make:resource
    make:rule
    make:scope
    make:seeder
    make:session-table
    make:test
    make:trait
    make:view {"exception":"[object] (Symfony\\Component\\Console\\Exception\\CommandNotFoundException(code: 0): Command \"make:Service\" is not defined.

Did you mean one of these?
    make:cache-table
    make:cast
    make:channel
    make:class
    make:command
    make:component
    make:controller
    make:enum
    make:event
    make:exception
    make:factory
    make:interface
    make:job
    make:job-middleware
    make:listener
    make:mail
    make:middleware
    make:migration
    make:model
    make:notification
    make:notifications-table
    make:observer
    make:policy
    make:provider
    make:queue-batches-table
    make:queue-failed-table
    make:queue-table
    make:request
    make:resource
    make:rule
    make:scope
    make:seeder
    make:session-table
    make:test
    make:trait
    make:view at D:\\laravel\\School Managment System\\vendor\\symfony\\console\\Application.php:740)
[stacktrace]
#0 D:\\laravel\\School Managment System\\vendor\\symfony\\console\\Application.php(298): Symfony\\Component\\Console\\Application->find()
#1 D:\\laravel\\School Managment System\\vendor\\symfony\\console\\Application.php(195): Symfony\\Component\\Console\\Application->doRun()
#2 D:\\laravel\\School Managment System\\vendor\\laravel\\framework\\src\\Illuminate\\Foundation\\Console\\Kernel.php(198): Symfony\\Component\\Console\\Application->run()
#3 D:\\laravel\\School Managment System\\vendor\\laravel\\framework\\src\\Illuminate\\Foundation\\Application.php(1235): Illuminate\\Foundation\\Console\\Kernel->handle()
#4 D:\\laravel\\School Managment System\\artisan(13): Illuminate\\Foundation\\Application->handleCommand()
#5 {main}
"} 
[2026-04-25 08:11:05] local.ERROR: Command "seed" is not defined.

Did you mean one of these?
    db:seed
    make:seeder {"exception":"[object] (Symfony\\Component\\Console\\Exception\\CommandNotFoundException(code: 0): Command \"seed\" is not defined.

Did you mean one of these?
    db:seed
    make:seeder at D:\\laravel\\School Managment System\\vendor\\symfony\\console\\Application.php:740)
[stacktrace]
#0 D:\\laravel\\School Managment System\\vendor\\symfony\\console\\Application.php(298): Symfony\\Component\\Console\\Application->find()
#1 D:\\laravel\\School Managment System\\vendor\\symfony\\console\\Application.php(195): Symfony\\Component\\Console\\Application->doRun()
#2 D:\\laravel\\School Managment System\\vendor\\laravel\\framework\\src\\Illuminate\\Foundation\\Console\\Kernel.php(198): Symfony\\Component\\Console\\Application->run()
#3 D:\\laravel\\School Managment System\\vendor\\laravel\\framework\\src\\Illuminate\\Foundation\\Application.php(1235): Illuminate\\Foundation\\Console\\Kernel->handle()
#4 D:\\laravel\\School Managment System\\artisan(13): Illuminate\\Foundation\\Application->handleCommand()
#5 {main}
"} 
[2026-04-25 08:37:52] local.DEBUG: From: Laravel <hello@example.com>
To: teacher@test.com
Subject: =?utf-8?Q?=D8=AA=D9=81=D8=B9=D9=8A=D9=84_=D8=A7=D9=84?=
 =?utf-8?Q?=D8=A8=D8=B1=D9=8A=D8=AF_=D8=A7=D9=84=D8=A5?=
 =?utf-8?Q?=D9=84=D9=83=D8=AA=D8=B1=D9=88=D9=86=D9=8A?=
MIME-Version: 1.0
Date: Sat, 25 Apr 2026 08:37:51 +0000
Message-ID: <44ef69deeeb69848dbe442175346e05f@example.com>
Content-Type: text/plain; charset=utf-8
Content-Transfer-Encoding: quoted-printable

مرحباً سامر الحسن!

كود تفعيل البريد الإلكتروني: 674979

هذا الكود صالح لمدة 30 دقيقة.

نظام إدارة المدرسة  
[2026-04-25 08:37:52] local.DEBUG: From: Laravel <hello@example.com>
To: teacher@test.com
Subject: =?utf-8?Q?=D8=AA=D9=85_=D8=A7=D8=B3=D8=AA=D9=84=D8=A7?=
 =?utf-8?Q?=D9=85_=D8=B7=D9=84=D8=A8_=D8=A7=D9=84=D8=AA=D8=B3=D8=AC=D9=8A?=
 =?utf-8?Q?=D9=84?= -
 =?utf-8?Q?=D9=8A=D8=B1=D8=AC=D9=89_=D8=AA=D9=81=D8=B9?=
 =?utf-8?Q?=D9=8A=D9=84_=D8=A8=D8=B1=D9=8A=D8=AF=D9=83?=
MIME-Version: 1.0
Date: Sat, 25 Apr 2026 08:37:52 +0000
Message-ID: <e4d4d35148d22545fe8be30c949498af@example.com>
Content-Type: text/plain; charset=utf-8
Content-Transfer-Encoding: quoted-printable

مرحباً سامر الحسن!

تم استلام طلب تسجيلك معلم في نظام إدارة المدرسة بنجاح.

✅ الخطوة 1: يرجى تفعيل بريدك الإلكتروني أولاً باستخدام الكود المرسل إليك.
✅ الخطوة 2: بعد تفعيل بريدك، سيتم مراجعة طلبك من قبل الإدارة.

شكراً لصبرك!

نظام إدارة المدرسة  
[2026-04-25 08:39:35] local.DEBUG: From: Laravel <hello@example.com>
To: teacher@test.com
Subject: =?utf-8?Q?=D8=AA=D9=81=D8=B9=D9=8A=D9=84_=D8=A7=D9=84?=
 =?utf-8?Q?=D8=A8=D8=B1=D9=8A=D8=AF_=D8=A7=D9=84=D8=A5?=
 =?utf-8?Q?=D9=84=D9=83=D8=AA=D8=B1=D9=88=D9=86=D9=8A?=
MIME-Version: 1.0
Date: Sat, 25 Apr 2026 08:39:35 +0000
Message-ID: <e0b360e962271b80ac99be114f21fc20@example.com>
Content-Type: text/plain; charset=utf-8
Content-Transfer-Encoding: quoted-printable

مرحباً سامر الحسن!

كود تفعيل البريد الإلكتروني: 657752

هذا الكود صالح لمدة 30 دقيقة.

نظام إدارة المدرسة  
[2026-04-25 08:40:25] local.DEBUG: From: Laravel <hello@example.com>
To: teacher@test.com
Subject: =?utf-8?Q?=D8=AA=D9=81=D8=B9=D9=8A=D9=84_=D8=A7=D9=84?=
 =?utf-8?Q?=D8=A8=D8=B1=D9=8A=D8=AF_=D8=A7=D9=84=D8=A5?=
 =?utf-8?Q?=D9=84=D9=83=D8=AA=D8=B1=D9=88=D9=86=D9=8A?=
MIME-Version: 1.0
Date: Sat, 25 Apr 2026 08:40:25 +0000
Message-ID: <3ae0273847038d5039bd70352ce9590c@example.com>
Content-Type: text/plain; charset=utf-8
Content-Transfer-Encoding: quoted-printable

مرحباً سامر الحسن!

كود تفعيل البريد الإلكتروني: 303496

هذا الكود صالح لمدة 30 دقيقة.

نظام إدارة المدرسة  
[2026-04-25 08:54:58] local.DEBUG: From: Laravel <hello@example.com>
To: teacher@test.com
Subject: =?utf-8?Q?=D8=A5=D8=B9=D8=A7=D8=AF=D8=A9_=D8=AA=D8=B9?=
 =?utf-8?Q?=D9=8A=D9=8A=D9=86_=D9=83=D9=84=D9=85=D8=A9_=D8=A7=D9=84=D9=85?=
 =?utf-8?Q?=D8=B1=D9=88=D8=B1?=
MIME-Version: 1.0
Date: Sat, 25 Apr 2026 08:54:58 +0000
Message-ID: <4378847ac92c9a46579792c7c33cd563@example.com>
Content-Type: text/plain; charset=utf-8
Content-Transfer-Encoding: quoted-printable

مرحباً سامر الحسن!

كود إعادة تعيين كلمة المرور: 338490

هذا الكود صالح لمدة ساعتين.

إذا لم تطلب إعادة تعيين كلمة المرور، تجاهل هذا البريد.

نظام إدارة المدرسة  
[2026-04-25 08:56:17] local.DEBUG: From: Laravel <hello@example.com>
To: malak2@gmail.com
Subject: =?utf-8?Q?=D8=A5=D8=B9=D8=A7=D8=AF=D8=A9_=D8=AA=D8=B9?=
 =?utf-8?Q?=D9=8A=D9=8A=D9=86_=D9=83=D9=84=D9=85=D8=A9_=D8=A7=D9=84=D9=85?=
 =?utf-8?Q?=D8=B1=D9=88=D8=B1?=
MIME-Version: 1.0
Date: Sat, 25 Apr 2026 08:56:17 +0000
Message-ID: <92b8f0ce6384a47a59e462a21e5f1b69@example.com>
Content-Type: text/plain; charset=utf-8
Content-Transfer-Encoding: quoted-printable

مرحباً malak lalala!

كود إعادة تعيين كلمة المرور: 388038

هذا الكود صالح لمدة ساعتين.

إذا لم تطلب إعادة تعيين كلمة المرور، تجاهل هذا البريد.

نظام إدارة المدرسة  
[2026-04-25 09:07:11] local.ERROR: SQLSTATE[42S02]: Base table or view not found: 1146 Table 'school_management_system.login_histories' doesn't exist (Connection: mysql, SQL: insert into `login_histories` (`user_id`, `ip_address`, `user_agent`, `device_type`, `status`, `updated_at`, `created_at`) values (55, 127.0.0.1, PostmanRuntime/7.42.0, web, success, 2026-04-25 09:07:11, 2026-04-25 09:07:11)) {"exception":"[object] (Illuminate\\Database\\QueryException(code: 42S02): SQLSTATE[42S02]: Base table or view not found: 1146 Table 'school_management_system.login_histories' doesn't exist (Connection: mysql, SQL: insert into `login_histories` (`user_id`, `ip_address`, `user_agent`, `device_type`, `status`, `updated_at`, `created_at`) values (55, 127.0.0.1, PostmanRuntime/7.42.0, web, success, 2026-04-25 09:07:11, 2026-04-25 09:07:11)) at D:\\laravel\\School Managment System\\vendor\\laravel\\framework\\src\\Illuminate\\Database\\Connection.php:825)
[stacktrace]
#0 D:\\laravel\\School Managment System\\vendor\\laravel\\framework\\src\\Illuminate\\Database\\Connection.php(779): Illuminate\\Database\\Connection->runQueryCallback()
#1 D:\\laravel\\School Managment System\\vendor\\laravel\\framework\\src\\Illuminate\\Database\\MySqlConnection.php(42): Illuminate\\Database\\Connection->run()
#2 D:\\laravel\\School Managment System\\vendor\\laravel\\framework\\src\\Illuminate\\Database\\Query\\Processors\\MySqlProcessor.php(35): Illuminate\\Database\\MySqlConnection->insert()
#3 D:\\laravel\\School Managment System\\vendor\\laravel\\framework\\src\\Illuminate\\Database\\Query\\Builder.php(3766): Illuminate\\Database\\Query\\Processors\\MySqlProcessor->processInsertGetId()
#4 D:\\laravel\\School Managment System\\vendor\\laravel\\framework\\src\\Illuminate\\Database\\Eloquent\\Builder.php(2120): Illuminate\\Database\\Query\\Builder->insertGetId()
#5 D:\\laravel\\School Managment System\\vendor\\laravel\\framework\\src\\Illuminate\\Database\\Eloquent\\Model.php(1359): Illuminate\\Database\\Eloquent\\Builder->__call()
#6 D:\\laravel\\School Managment System\\vendor\\laravel\\framework\\src\\Illuminate\\Database\\Eloquent\\Model.php(1324): Illuminate\\Database\\Eloquent\\Model->insertAndSetId()
#7 D:\\laravel\\School Managment System\\vendor\\laravel\\framework\\src\\Illuminate\\Database\\Eloquent\\Model.php(1163): Illuminate\\Database\\Eloquent\\Model->performInsert()
#8 D:\\laravel\\School Managment System\\vendor\\laravel\\framework\\src\\Illuminate\\Database\\Eloquent\\Builder.php(1128): Illuminate\\Database\\Eloquent\\Model->save()
#9 D:\\laravel\\School Managment System\\vendor\\laravel\\framework\\src\\Illuminate\\Support\\helpers.php(399): Illuminate\\Database\\Eloquent\\Builder->Illuminate\\Database\\Eloquent\\{closure}()
#10 D:\\laravel\\School Managment System\\vendor\\laravel\\framework\\src\\Illuminate\\Database\\Eloquent\\Builder.php(1127): tap()
#11 D:\\laravel\\School Managment System\\vendor\\laravel\\framework\\src\\Illuminate\\Support\\Traits\\ForwardsCalls.php(23): Illuminate\\Database\\Eloquent\\Builder->create()
#12 D:\\laravel\\School Managment System\\vendor\\laravel\\framework\\src\\Illuminate\\Database\\Eloquent\\Model.php(2372): Illuminate\\Database\\Eloquent\\Model->forwardCallTo()
#13 D:\\laravel\\School Managment System\\vendor\\laravel\\framework\\src\\Illuminate\\Database\\Eloquent\\Model.php(2384): Illuminate\\Database\\Eloquent\\Model->__call()
#14 D:\\laravel\\School Managment System\\app\\Services\\AuthService.php(119): Illuminate\\Database\\Eloquent\\Model::__callStatic()
#15 D:\\laravel\\School Managment System\\app\\Http\\Controllers\\AuthController.php(52): App\\Services\\AuthService->login()
#16 D:\\laravel\\School Managment System\\vendor\\laravel\\framework\\src\\Illuminate\\Routing\\ControllerDispatcher.php(47): App\\Http\\Controllers\\AuthController->login()
#17 D:\\laravel\\School Managment System\\vendor\\laravel\\framework\\src\\Illuminate\\Routing\\Route.php(266): Illuminate\\Routing\\ControllerDispatcher->dispatch()
#18 D:\\laravel\\School Managment System\\vendor\\laravel\\framework\\src\\Illuminate\\Routing\\Route.php(212): Illuminate\\Routing\\Route->runController()
#19 D:\\laravel\\School Managment System\\vendor\\laravel\\framework\\src\\Illuminate\\Routing\\Router.php(808): Illuminate\\Routing\\Route->run()
#20 D:\\laravel\\School Managment System\\vendor\\laravel\\framework\\src\\Illuminate\\Pipeline\\Pipeline.php(170): Illuminate\\Routing\\Router->Illuminate\\Routing\\{closure}()
#21 D:\\laravel\\School Managment System\\vendor\\laravel\\framework\\src\\Illuminate\\Routing\\Middleware\\SubstituteBindings.php(51): Illuminate\\Pipeline\\Pipeline->Illuminate\\Pipeline\\{closure}()
#22 D:\\laravel\\School Managment System\\vendor\\laravel\\framework\\src\\Illuminate\\Pipeline\\Pipeline.php(209): Illuminate\\Routing\\Middleware\\SubstituteBindings->handle()
#23 D:\\laravel\\School Managment System\\vendor\\laravel\\framework\\src\\Illuminate\\Session\\Middleware\\StartSession.php(121): Illuminate\\Pipeline\\Pipeline->Illuminate\\Pipeline\\{closure}()
#24 D:\\laravel\\School Managment System\\vendor\\laravel\\framework\\src\\Illuminate\\Session\\Middleware\\StartSession.php(64): Illuminate\\Session\\Middleware\\StartSession->handleStatefulRequest()
#25 D:\\laravel\\School Managment System\\vendor\\laravel\\framework\\src\\Illuminate\\Pipeline\\Pipeline.php(209): Illuminate\\Session\\Middleware\\StartSession->handle()
#26 D:\\laravel\\School Managment System\\vendor\\laravel\\framework\\src\\Illuminate\\Cookie\\Middleware\\AddQueuedCookiesToResponse.php(37): Illuminate\\Pipeline\\Pipeline->Illuminate\\Pipeline\\{closure}()
#27 D:\\laravel\\School Managment System\\vendor\\laravel\\framework\\src\\Illuminate\\Pipeline\\Pipeline.php(209): Illuminate\\Cookie\\Middleware\\AddQueuedCookiesToResponse->handle()
#28 D:\\laravel\\School Managment System\\vendor\\laravel\\framework\\src\\Illuminate\\Pipeline\\Pipeline.php(127): Illuminate\\Pipeline\\Pipeline->Illuminate\\Pipeline\\{closure}()
#29 D:\\laravel\\School Managment System\\vendor\\laravel\\framework\\src\\Illuminate\\Routing\\Router.php(807): Illuminate\\Pipeline\\Pipeline->then()
#30 D:\\laravel\\School Managment System\\vendor\\laravel\\framework\\src\\Illuminate\\Routing\\Router.php(786): Illuminate\\Routing\\Router->runRouteWithinStack()
#31 D:\\laravel\\School Managment System\\vendor\\laravel\\framework\\src\\Illuminate\\Routing\\Router.php(750): Illuminate\\Routing\\Router->runRoute()
#32 D:\\laravel\\School Managment System\\vendor\\laravel\\framework\\src\\Illuminate\\Routing\\Router.php(739): Illuminate\\Routing\\Router->dispatchToRoute()
#33 D:\\laravel\\School Managment System\\vendor\\laravel\\framework\\src\\Illuminate\\Foundation\\Http\\Kernel.php(201): Illuminate\\Routing\\Router->dispatch()
#34 D:\\laravel\\School Managment System\\vendor\\laravel\\framework\\src\\Illuminate\\Pipeline\\Pipeline.php(170): Illuminate\\Foundation\\Http\\Kernel->Illuminate\\Foundation\\Http\\{closure}()
#35 D:\\laravel\\School Managment System\\vendor\\laravel\\framework\\src\\Illuminate\\Foundation\\Http\\Middleware\\TransformsRequest.php(21): Illuminate\\Pipeline\\Pipeline->Illuminate\\Pipeline\\{closure}()
#36 D:\\laravel\\School Managment System\\vendor\\laravel\\framework\\src\\Illuminate\\Foundation\\Http\\Middleware\\ConvertEmptyStringsToNull.php(31): Illuminate\\Foundation\\Http\\Middleware\\TransformsRequest->handle()
#37 D:\\laravel\\School Managment System\\vendor\\laravel\\framework\\src\\Illuminate\\Pipeline\\Pipeline.php(209): Illuminate\\Foundation\\Http\\Middleware\\ConvertEmptyStringsToNull->handle()
#38 D:\\laravel\\School Managment System\\vendor\\laravel\\framework\\src\\Illuminate\\Foundation\\Http\\Middleware\\TransformsRequest.php(21): Illuminate\\Pipeline\\Pipeline->Illuminate\\Pipeline\\{closure}()
#39 D:\\laravel\\School Managment System\\vendor\\laravel\\framework\\src\\Illuminate\\Foundation\\Http\\Middleware\\TrimStrings.php(51): Illuminate\\Foundation\\Http\\Middleware\\TransformsRequest->handle()
#40 D:\\laravel\\School Managment System\\vendor\\laravel\\framework\\src\\Illuminate\\Pipeline\\Pipeline.php(209): Illuminate\\Foundation\\Http\\Middleware\\TrimStrings->handle()
#41 D:\\laravel\\School Managment System\\vendor\\laravel\\framework\\src\\Illuminate\\Http\\Middleware\\ValidatePostSize.php(27): Illuminate\\Pipeline\\Pipeline->Illuminate\\Pipeline\\{closure}()
#42 D:\\laravel\\School Managment System\\vendor\\laravel\\framework\\src\\Illuminate\\Pipeline\\Pipeline.php(209): Illuminate\\Http\\Middleware\\ValidatePostSize->handle()
#43 D:\\laravel\\School Managment System\\vendor\\laravel\\framework\\src\\Illuminate\\Foundation\\Http\\Middleware\\PreventRequestsDuringMaintenance.php(110): Illuminate\\Pipeline\\Pipeline->Illuminate\\Pipeline\\{closure}()
#44 D:\\laravel\\School Managment System\\vendor\\laravel\\framework\\src\\Illuminate\\Pipeline\\Pipeline.php(209): Illuminate\\Foundation\\Http\\Middleware\\PreventRequestsDuringMaintenance->handle()
#45 D:\\laravel\\School Managment System\\vendor\\laravel\\framework\\src\\Illuminate\\Http\\Middleware\\HandleCors.php(62): Illuminate\\Pipeline\\Pipeline->Illuminate\\Pipeline\\{closure}()
#46 D:\\laravel\\School Managment System\\vendor\\laravel\\framework\\src\\Illuminate\\Pipeline\\Pipeline.php(209): Illuminate\\Http\\Middleware\\HandleCors->handle()
#47 D:\\laravel\\School Managment System\\vendor\\laravel\\framework\\src\\Illuminate\\Http\\Middleware\\TrustProxies.php(58): Illuminate\\Pipeline\\Pipeline->Illuminate\\Pipeline\\{closure}()
#48 D:\\laravel\\School Managment System\\vendor\\laravel\\framework\\src\\Illuminate\\Pipeline\\Pipeline.php(209): Illuminate\\Http\\Middleware\\TrustProxies->handle()
#49 D:\\laravel\\School Managment System\\vendor\\laravel\\framework\\src\\Illuminate\\Foundation\\Http\\Middleware\\InvokeDeferredCallbacks.php(22): Illuminate\\Pipeline\\Pipeline->Illuminate\\Pipeline\\{closure}()
#50 D:\\laravel\\School Managment System\\vendor\\laravel\\framework\\src\\Illuminate\\Pipeline\\Pipeline.php(209): Illuminate\\Foundation\\Http\\Middleware\\InvokeDeferredCallbacks->handle()
#51 D:\\laravel\\School Managment System\\vendor\\laravel\\framework\\src\\Illuminate\\Pipeline\\Pipeline.php(127): Illuminate\\Pipeline\\Pipeline->Illuminate\\Pipeline\\{closure}()
#52 D:\\laravel\\School Managment System\\vendor\\laravel\\framework\\src\\Illuminate\\Foundation\\Http\\Kernel.php(176): Illuminate\\Pipeline\\Pipeline->then()
#53 D:\\laravel\\School Managment System\\vendor\\laravel\\framework\\src\\Illuminate\\Foundation\\Http\\Kernel.php(145): Illuminate\\Foundation\\Http\\Kernel->sendRequestThroughRouter()
#54 D:\\laravel\\School Managment System\\vendor\\laravel\\framework\\src\\Illuminate\\Foundation\\Application.php(1220): Illuminate\\Foundation\\Http\\Kernel->handle()
#55 D:\\laravel\\School Managment System\\public\\index.php(17): Illuminate\\Foundation\\Application->handleRequest()
#56 D:\\laravel\\School Managment System\\vendor\\laravel\\framework\\src\\Illuminate\\Foundation\\resources\\server.php(23): require_once('...')
#57 {main}

[previous exception] [object] (PDOException(code: 42S02): SQLSTATE[42S02]: Base table or view not found: 1146 Table 'school_management_system.login_histories' doesn't exist at D:\\laravel\\School Managment System\\vendor\\laravel\\framework\\src\\Illuminate\\Database\\MySqlConnection.php:47)
[stacktrace]
#0 D:\\laravel\\School Managment System\\vendor\\laravel\\framework\\src\\Illuminate\\Database\\MySqlConnection.php(47): PDO->prepare()
#1 D:\\laravel\\School Managment System\\vendor\\laravel\\framework\\src\\Illuminate\\Database\\Connection.php(812): Illuminate\\Database\\MySqlConnection->Illuminate\\Database\\{closure}()
#2 D:\\laravel\\School Managment System\\vendor\\laravel\\framework\\src\\Illuminate\\Database\\Connection.php(779): Illuminate\\Database\\Connection->runQueryCallback()
#3 D:\\laravel\\School Managment System\\vendor\\laravel\\framework\\src\\Illuminate\\Database\\MySqlConnection.php(42): Illuminate\\Database\\Connection->run()
#4 D:\\laravel\\School Managment System\\vendor\\laravel\\framework\\src\\Illuminate\\Database\\Query\\Processors\\MySqlProcessor.php(35): Illuminate\\Database\\MySqlConnection->insert()
#5 D:\\laravel\\School Managment System\\vendor\\laravel\\framework\\src\\Illuminate\\Database\\Query\\Builder.php(3766): Illuminate\\Database\\Query\\Processors\\MySqlProcessor->processInsertGetId()
#6 D:\\laravel\\School Managment System\\vendor\\laravel\\framework\\src\\Illuminate\\Database\\Eloquent\\Builder.php(2120): Illuminate\\Database\\Query\\Builder->insertGetId()
#7 D:\\laravel\\School Managment System\\vendor\\laravel\\framework\\src\\Illuminate\\Database\\Eloquent\\Model.php(1359): Illuminate\\Database\\Eloquent\\Builder->__call()
#8 D:\\laravel\\School Managment System\\vendor\\laravel\\framework\\src\\Illuminate\\Database\\Eloquent\\Model.php(1324): Illuminate\\Database\\Eloquent\\Model->insertAndSetId()
#9 D:\\laravel\\School Managment System\\vendor\\laravel\\framework\\src\\Illuminate\\Database\\Eloquent\\Model.php(1163): Illuminate\\Database\\Eloquent\\Model->performInsert()
#10 D:\\laravel\\School Managment System\\vendor\\laravel\\framework\\src\\Illuminate\\Database\\Eloquent\\Builder.php(1128): Illuminate\\Database\\Eloquent\\Model->save()
#11 D:\\laravel\\School Managment System\\vendor\\laravel\\framework\\src\\Illuminate\\Support\\helpers.php(399): Illuminate\\Database\\Eloquent\\Builder->Illuminate\\Database\\Eloquent\\{closure}()
#12 D:\\laravel\\School Managment System\\vendor\\laravel\\framework\\src\\Illuminate\\Database\\Eloquent\\Builder.php(1127): tap()
#13 D:\\laravel\\School Managment System\\vendor\\laravel\\framework\\src\\Illuminate\\Support\\Traits\\ForwardsCalls.php(23): Illuminate\\Database\\Eloquent\\Builder->create()
#14 D:\\laravel\\School Managment System\\vendor\\laravel\\framework\\src\\Illuminate\\Database\\Eloquent\\Model.php(2372): Illuminate\\Database\\Eloquent\\Model->forwardCallTo()
#15 D:\\laravel\\School Managment System\\vendor\\laravel\\framework\\src\\Illuminate\\Database\\Eloquent\\Model.php(2384): Illuminate\\Database\\Eloquent\\Model->__call()
#16 D:\\laravel\\School Managment System\\app\\Services\\AuthService.php(119): Illuminate\\Database\\Eloquent\\Model::__callStatic()
#17 D:\\laravel\\School Managment System\\app\\Http\\Controllers\\AuthController.php(52): App\\Services\\AuthService->login()
#18 D:\\laravel\\School Managment System\\vendor\\laravel\\framework\\src\\Illuminate\\Routing\\ControllerDispatcher.php(47): App\\Http\\Controllers\\AuthController->login()
#19 D:\\laravel\\School Managment System\\vendor\\laravel\\framework\\src\\Illuminate\\Routing\\Route.php(266): Illuminate\\Routing\\ControllerDispatcher->dispatch()
#20 D:\\laravel\\School Managment System\\vendor\\laravel\\framework\\src\\Illuminate\\Routing\\Route.php(212): Illuminate\\Routing\\Route->runController()
#21 D:\\laravel\\School Managment System\\vendor\\laravel\\framework\\src\\Illuminate\\Routing\\Router.php(808): Illuminate\\Routing\\Route->run()
#22 D:\\laravel\\School Managment System\\vendor\\laravel\\framework\\src\\Illuminate\\Pipeline\\Pipeline.php(170): Illuminate\\Routing\\Router->Illuminate\\Routing\\{closure}()
#23 D:\\laravel\\School Managment System\\vendor\\laravel\\framework\\src\\Illuminate\\Routing\\Middleware\\SubstituteBindings.php(51): Illuminate\\Pipeline\\Pipeline->Illuminate\\Pipeline\\{closure}()
#24 D:\\laravel\\School Managment System\\vendor\\laravel\\framework\\src\\Illuminate\\Pipeline\\Pipeline.php(209): Illuminate\\Routing\\Middleware\\SubstituteBindings->handle()
#25 D:\\laravel\\School Managment System\\vendor\\laravel\\framework\\src\\Illuminate\\Session\\Middleware\\StartSession.php(121): Illuminate\\Pipeline\\Pipeline->Illuminate\\Pipeline\\{closure}()
#26 D:\\laravel\\School Managment System\\vendor\\laravel\\framework\\src\\Illuminate\\Session\\Middleware\\StartSession.php(64): Illuminate\\Session\\Middleware\\StartSession->handleStatefulRequest()
#27 D:\\laravel\\School Managment System\\vendor\\laravel\\framework\\src\\Illuminate\\Pipeline\\Pipeline.php(209): Illuminate\\Session\\Middleware\\StartSession->handle()
#28 D:\\laravel\\School Managment System\\vendor\\laravel\\framework\\src\\Illuminate\\Cookie\\Middleware\\AddQueuedCookiesToResponse.php(37): Illuminate\\Pipeline\\Pipeline->Illuminate\\Pipeline\\{closure}()
#29 D:\\laravel\\School Managment System\\vendor\\laravel\\framework\\src\\Illuminate\\Pipeline\\Pipeline.php(209): Illuminate\\Cookie\\Middleware\\AddQueuedCookiesToResponse->handle()
#30 D:\\laravel\\School Managment System\\vendor\\laravel\\framework\\src\\Illuminate\\Pipeline\\Pipeline.php(127): Illuminate\\Pipeline\\Pipeline->Illuminate\\Pipeline\\{closure}()
#31 D:\\laravel\\School Managment System\\vendor\\laravel\\framework\\src\\Illuminate\\Routing\\Router.php(807): Illuminate\\Pipeline\\Pipeline->then()
#32 D:\\laravel\\School Managment System\\vendor\\laravel\\framework\\src\\Illuminate\\Routing\\Router.php(786): Illuminate\\Routing\\Router->runRouteWithinStack()
#33 D:\\laravel\\School Managment System\\vendor\\laravel\\framework\\src\\Illuminate\\Routing\\Router.php(750): Illuminate\\Routing\\Router->runRoute()
#34 D:\\laravel\\School Managment System\\vendor\\laravel\\framework\\src\\Illuminate\\Routing\\Router.php(739): Illuminate\\Routing\\Router->dispatchToRoute()
#35 D:\\laravel\\School Managment System\\vendor\\laravel\\framework\\src\\Illuminate\\Foundation\\Http\\Kernel.php(201): Illuminate\\Routing\\Router->dispatch()
#36 D:\\laravel\\School Managment System\\vendor\\laravel\\framework\\src\\Illuminate\\Pipeline\\Pipeline.php(170): Illuminate\\Foundation\\Http\\Kernel->Illuminate\\Foundation\\Http\\{closure}()
#37 D:\\laravel\\School Managment System\\vendor\\laravel\\framework\\src\\Illuminate\\Foundation\\Http\\Middleware\\TransformsRequest.php(21): Illuminate\\Pipeline\\Pipeline->Illuminate\\Pipeline\\{closure}()
#38 D:\\laravel\\School Managment System\\vendor\\laravel\\framework\\src\\Illuminate\\Foundation\\Http\\Middleware\\ConvertEmptyStringsToNull.php(31): Illuminate\\Foundation\\Http\\Middleware\\TransformsRequest->handle()
#39 D:\\laravel\\School Managment System\\vendor\\laravel\\framework\\src\\Illuminate\\Pipeline\\Pipeline.php(209): Illuminate\\Foundation\\Http\\Middleware\\ConvertEmptyStringsToNull->handle()
#40 D:\\laravel\\School Managment System\\vendor\\laravel\\framework\\src\\Illuminate\\Foundation\\Http\\Middleware\\TransformsRequest.php(21): Illuminate\\Pipeline\\Pipeline->Illuminate\\Pipeline\\{closure}()
#41 D:\\laravel\\School Managment System\\vendor\\laravel\\framework\\src\\Illuminate\\Foundation\\Http\\Middleware\\TrimStrings.php(51): Illuminate\\Foundation\\Http\\Middleware\\TransformsRequest->handle()
#42 D:\\laravel\\School Managment System\\vendor\\laravel\\framework\\src\\Illuminate\\Pipeline\\Pipeline.php(209): Illuminate\\Foundation\\Http\\Middleware\\TrimStrings->handle()
#43 D:\\laravel\\School Managment System\\vendor\\laravel\\framework\\src\\Illuminate\\Http\\Middleware\\ValidatePostSize.php(27): Illuminate\\Pipeline\\Pipeline->Illuminate\\Pipeline\\{closure}()
#44 D:\\laravel\\School Managment System\\vendor\\laravel\\framework\\src\\Illuminate\\Pipeline\\Pipeline.php(209): Illuminate\\Http\\Middleware\\ValidatePostSize->handle()
#45 D:\\laravel\\School Managment System\\vendor\\laravel\\framework\\src\\Illuminate\\Foundation\\Http\\Middleware\\PreventRequestsDuringMaintenance.php(110): Illuminate\\Pipeline\\Pipeline->Illuminate\\Pipeline\\{closure}()
#46 D:\\laravel\\School Managment System\\vendor\\laravel\\framework\\src\\Illuminate\\Pipeline\\Pipeline.php(209): Illuminate\\Foundation\\Http\\Middleware\\PreventRequestsDuringMaintenance->handle()
#47 D:\\laravel\\School Managment System\\vendor\\laravel\\framework\\src\\Illuminate\\Http\\Middleware\\HandleCors.php(62): Illuminate\\Pipeline\\Pipeline->Illuminate\\Pipeline\\{closure}()
#48 D:\\laravel\\School Managment System\\vendor\\laravel\\framework\\src\\Illuminate\\Pipeline\\Pipeline.php(209): Illuminate\\Http\\Middleware\\HandleCors->handle()
#49 D:\\laravel\\School Managment System\\vendor\\laravel\\framework\\src\\Illuminate\\Http\\Middleware\\TrustProxies.php(58): Illuminate\\Pipeline\\Pipeline->Illuminate\\Pipeline\\{closure}()
#50 D:\\laravel\\School Managment System\\vendor\\laravel\\framework\\src\\Illuminate\\Pipeline\\Pipeline.php(209): Illuminate\\Http\\Middleware\\TrustProxies->handle()
#51 D:\\laravel\\School Managment System\\vendor\\laravel\\framework\\src\\Illuminate\\Foundation\\Http\\Middleware\\InvokeDeferredCallbacks.php(22): Illuminate\\Pipeline\\Pipeline->Illuminate\\Pipeline\\{closure}()
#52 D:\\laravel\\School Managment System\\vendor\\laravel\\framework\\src\\Illuminate\\Pipeline\\Pipeline.php(209): Illuminate\\Foundation\\Http\\Middleware\\InvokeDeferredCallbacks->handle()
#53 D:\\laravel\\School Managment System\\vendor\\laravel\\framework\\src\\Illuminate\\Pipeline\\Pipeline.php(127): Illuminate\\Pipeline\\Pipeline->Illuminate\\Pipeline\\{closure}()
#54 D:\\laravel\\School Managment System\\vendor\\laravel\\framework\\src\\Illuminate\\Foundation\\Http\\Kernel.php(176): Illuminate\\Pipeline\\Pipeline->then()
#55 D:\\laravel\\School Managment System\\vendor\\laravel\\framework\\src\\Illuminate\\Foundation\\Http\\Kernel.php(145): Illuminate\\Foundation\\Http\\Kernel->sendRequestThroughRouter()
#56 D:\\laravel\\School Managment System\\vendor\\laravel\\framework\\src\\Illuminate\\Foundation\\Application.php(1220): Illuminate\\Foundation\\Http\\Kernel->handle()
#57 D:\\laravel\\School Managment System\\public\\index.php(17): Illuminate\\Foundation\\Application->handleRequest()
#58 D:\\laravel\\School Managment System\\vendor\\laravel\\framework\\src\\Illuminate\\Foundation\\resources\\server.php(23): require_once('...')
#59 {main}
"} 
[2026-04-25 09:07:45] local.ERROR: SQLSTATE[42S02]: Base table or view not found: 1146 Table 'school_management_system.login_histories' doesn't exist (Connection: mysql, SQL: insert into `login_histories` (`user_id`, `ip_address`, `user_agent`, `device_type`, `status`, `updated_at`, `created_at`) values (55, 127.0.0.1, PostmanRuntime/7.42.0, web, success, 2026-04-25 09:07:45, 2026-04-25 09:07:45)) {"exception":"[object] (Illuminate\\Database\\QueryException(code: 42S02): SQLSTATE[42S02]: Base table or view not found: 1146 Table 'school_management_system.login_histories' doesn't exist (Connection: mysql, SQL: insert into `login_histories` (`user_id`, `ip_address`, `user_agent`, `device_type`, `status`, `updated_at`, `created_at`) values (55, 127.0.0.1, PostmanRuntime/7.42.0, web, success, 2026-04-25 09:07:45, 2026-04-25 09:07:45)) at D:\\laravel\\School Managment System\\vendor\\laravel\\framework\\src\\Illuminate\\Database\\Connection.php:825)
[stacktrace]
#0 D:\\laravel\\School Managment System\\vendor\\laravel\\framework\\src\\Illuminate\\Database\\Connection.php(779): Illuminate\\Database\\Connection->runQueryCallback()
#1 D:\\laravel\\School Managment System\\vendor\\laravel\\framework\\src\\Illuminate\\Database\\MySqlConnection.php(42): Illuminate\\Database\\Connection->run()
#2 D:\\laravel\\School Managment System\\vendor\\laravel\\framework\\src\\Illuminate\\Database\\Query\\Processors\\MySqlProcessor.php(35): Illuminate\\Database\\MySqlConnection->insert()
#3 D:\\laravel\\School Managment System\\vendor\\laravel\\framework\\src\\Illuminate\\Database\\Query\\Builder.php(3766): Illuminate\\Database\\Query\\Processors\\MySqlProcessor->processInsertGetId()
#4 D:\\laravel\\School Managment System\\vendor\\laravel\\framework\\src\\Illuminate\\Database\\Eloquent\\Builder.php(2120): Illuminate\\Database\\Query\\Builder->insertGetId()
#5 D:\\laravel\\School Managment System\\vendor\\laravel\\framework\\src\\Illuminate\\Database\\Eloquent\\Model.php(1359): Illuminate\\Database\\Eloquent\\Builder->__call()
#6 D:\\laravel\\School Managment System\\vendor\\laravel\\framework\\src\\Illuminate\\Database\\Eloquent\\Model.php(1324): Illuminate\\Database\\Eloquent\\Model->insertAndSetId()
#7 D:\\laravel\\School Managment System\\vendor\\laravel\\framework\\src\\Illuminate\\Database\\Eloquent\\Model.php(1163): Illuminate\\Database\\Eloquent\\Model->performInsert()
#8 D:\\laravel\\School Managment System\\vendor\\laravel\\framework\\src\\Illuminate\\Database\\Eloquent\\Builder.php(1128): Illuminate\\Database\\Eloquent\\Model->save()
#9 D:\\laravel\\School Managment System\\vendor\\laravel\\framework\\src\\Illuminate\\Support\\helpers.php(399): Illuminate\\Database\\Eloquent\\Builder->Illuminate\\Database\\Eloquent\\{closure}()
#10 D:\\laravel\\School Managment System\\vendor\\laravel\\framework\\src\\Illuminate\\Database\\Eloquent\\Builder.php(1127): tap()
#11 D:\\laravel\\School Managment System\\vendor\\laravel\\framework\\src\\Illuminate\\Support\\Traits\\ForwardsCalls.php(23): Illuminate\\Database\\Eloquent\\Builder->create()
#12 D:\\laravel\\School Managment System\\vendor\\laravel\\framework\\src\\Illuminate\\Database\\Eloquent\\Model.php(2372): Illuminate\\Database\\Eloquent\\Model->forwardCallTo()
#13 D:\\laravel\\School Managment System\\vendor\\laravel\\framework\\src\\Illuminate\\Database\\Eloquent\\Model.php(2384): Illuminate\\Database\\Eloquent\\Model->__call()
#14 D:\\laravel\\School Managment System\\app\\Services\\AuthService.php(119): Illuminate\\Database\\Eloquent\\Model::__callStatic()
#15 D:\\laravel\\School Managment System\\app\\Http\\Controllers\\AuthController.php(52): App\\Services\\AuthService->login()
#16 D:\\laravel\\School Managment System\\vendor\\laravel\\framework\\src\\Illuminate\\Routing\\ControllerDispatcher.php(47): App\\Http\\Controllers\\AuthController->login()
#17 D:\\laravel\\School Managment System\\vendor\\laravel\\framework\\src\\Illuminate\\Routing\\Route.php(266): Illuminate\\Routing\\ControllerDispatcher->dispatch()
#18 D:\\laravel\\School Managment System\\vendor\\laravel\\framework\\src\\Illuminate\\Routing\\Route.php(212): Illuminate\\Routing\\Route->runController()
#19 D:\\laravel\\School Managment System\\vendor\\laravel\\framework\\src\\Illuminate\\Routing\\Router.php(808): Illuminate\\Routing\\Route->run()
#20 D:\\laravel\\School Managment System\\vendor\\laravel\\framework\\src\\Illuminate\\Pipeline\\Pipeline.php(170): Illuminate\\Routing\\Router->Illuminate\\Routing\\{closure}()
#21 D:\\laravel\\School Managment System\\vendor\\laravel\\framework\\src\\Illuminate\\Routing\\Middleware\\SubstituteBindings.php(51): Illuminate\\Pipeline\\Pipeline->Illuminate\\Pipeline\\{closure}()
#22 D:\\laravel\\School Managment System\\vendor\\laravel\\framework\\src\\Illuminate\\Pipeline\\Pipeline.php(209): Illuminate\\Routing\\Middleware\\SubstituteBindings->handle()
#23 D:\\laravel\\School Managment System\\vendor\\laravel\\framework\\src\\Illuminate\\Session\\Middleware\\StartSession.php(121): Illuminate\\Pipeline\\Pipeline->Illuminate\\Pipeline\\{closure}()
#24 D:\\laravel\\School Managment System\\vendor\\laravel\\framework\\src\\Illuminate\\Session\\Middleware\\StartSession.php(64): Illuminate\\Session\\Middleware\\StartSession->handleStatefulRequest()
#25 D:\\laravel\\School Managment System\\vendor\\laravel\\framework\\src\\Illuminate\\Pipeline\\Pipeline.php(209): Illuminate\\Session\\Middleware\\StartSession->handle()
#26 D:\\laravel\\School Managment System\\vendor\\laravel\\framework\\src\\Illuminate\\Cookie\\Middleware\\AddQueuedCookiesToResponse.php(37): Illuminate\\Pipeline\\Pipeline->Illuminate\\Pipeline\\{closure}()
#27 D:\\laravel\\School Managment System\\vendor\\laravel\\framework\\src\\Illuminate\\Pipeline\\Pipeline.php(209): Illuminate\\Cookie\\Middleware\\AddQueuedCookiesToResponse->handle()
#28 D:\\laravel\\School Managment System\\vendor\\laravel\\framework\\src\\Illuminate\\Pipeline\\Pipeline.php(127): Illuminate\\Pipeline\\Pipeline->Illuminate\\Pipeline\\{closure}()
#29 D:\\laravel\\School Managment System\\vendor\\laravel\\framework\\src\\Illuminate\\Routing\\Router.php(807): Illuminate\\Pipeline\\Pipeline->then()
#30 D:\\laravel\\School Managment System\\vendor\\laravel\\framework\\src\\Illuminate\\Routing\\Router.php(786): Illuminate\\Routing\\Router->runRouteWithinStack()
#31 D:\\laravel\\School Managment System\\vendor\\laravel\\framework\\src\\Illuminate\\Routing\\Router.php(750): Illuminate\\Routing\\Router->runRoute()
#32 D:\\laravel\\School Managment System\\vendor\\laravel\\framework\\src\\Illuminate\\Routing\\Router.php(739): Illuminate\\Routing\\Router->dispatchToRoute()
#33 D:\\laravel\\School Managment System\\vendor\\laravel\\framework\\src\\Illuminate\\Foundation\\Http\\Kernel.php(201): Illuminate\\Routing\\Router->dispatch()
#34 D:\\laravel\\School Managment System\\vendor\\laravel\\framework\\src\\Illuminate\\Pipeline\\Pipeline.php(170): Illuminate\\Foundation\\Http\\Kernel->Illuminate\\Foundation\\Http\\{closure}()
#35 D:\\laravel\\School Managment System\\vendor\\laravel\\framework\\src\\Illuminate\\Foundation\\Http\\Middleware\\TransformsRequest.php(21): Illuminate\\Pipeline\\Pipeline->Illuminate\\Pipeline\\{closure}()
#36 D:\\laravel\\School Managment System\\vendor\\laravel\\framework\\src\\Illuminate\\Foundation\\Http\\Middleware\\ConvertEmptyStringsToNull.php(31): Illuminate\\Foundation\\Http\\Middleware\\TransformsRequest->handle()
#37 D:\\laravel\\School Managment System\\vendor\\laravel\\framework\\src\\Illuminate\\Pipeline\\Pipeline.php(209): Illuminate\\Foundation\\Http\\Middleware\\ConvertEmptyStringsToNull->handle()
#38 D:\\laravel\\School Managment System\\vendor\\laravel\\framework\\src\\Illuminate\\Foundation\\Http\\Middleware\\TransformsRequest.php(21): Illuminate\\Pipeline\\Pipeline->Illuminate\\Pipeline\\{closure}()
#39 D:\\laravel\\School Managment System\\vendor\\laravel\\framework\\src\\Illuminate\\Foundation\\Http\\Middleware\\TrimStrings.php(51): Illuminate\\Foundation\\Http\\Middleware\\TransformsRequest->handle()
#40 D:\\laravel\\School Managment System\\vendor\\laravel\\framework\\src\\Illuminate\\Pipeline\\Pipeline.php(209): Illuminate\\Foundation\\Http\\Middleware\\TrimStrings->handle()
#41 D:\\laravel\\School Managment System\\vendor\\laravel\\framework\\src\\Illuminate\\Http\\Middleware\\ValidatePostSize.php(27): Illuminate\\Pipeline\\Pipeline->Illuminate\\Pipeline\\{closure}()
#42 D:\\laravel\\School Managment System\\vendor\\laravel\\framework\\src\\Illuminate\\Pipeline\\Pipeline.php(209): Illuminate\\Http\\Middleware\\ValidatePostSize->handle()
#43 D:\\laravel\\School Managment System\\vendor\\laravel\\framework\\src\\Illuminate\\Foundation\\Http\\Middleware\\PreventRequestsDuringMaintenance.php(110): Illuminate\\Pipeline\\Pipeline->Illuminate\\Pipeline\\{closure}()
#44 D:\\laravel\\School Managment System\\vendor\\laravel\\framework\\src\\Illuminate\\Pipeline\\Pipeline.php(209): Illuminate\\Foundation\\Http\\Middleware\\PreventRequestsDuringMaintenance->handle()
#45 D:\\laravel\\School Managment System\\vendor\\laravel\\framework\\src\\Illuminate\\Http\\Middleware\\HandleCors.php(62): Illuminate\\Pipeline\\Pipeline->Illuminate\\Pipeline\\{closure}()
#46 D:\\laravel\\School Managment System\\vendor\\laravel\\framework\\src\\Illuminate\\Pipeline\\Pipeline.php(209): Illuminate\\Http\\Middleware\\HandleCors->handle()
#47 D:\\laravel\\School Managment System\\vendor\\laravel\\framework\\src\\Illuminate\\Http\\Middleware\\TrustProxies.php(58): Illuminate\\Pipeline\\Pipeline->Illuminate\\Pipeline\\{closure}()
#48 D:\\laravel\\School Managment System\\vendor\\laravel\\framework\\src\\Illuminate\\Pipeline\\Pipeline.php(209): Illuminate\\Http\\Middleware\\TrustProxies->handle()
#49 D:\\laravel\\School Managment System\\vendor\\laravel\\framework\\src\\Illuminate\\Foundation\\Http\\Middleware\\InvokeDeferredCallbacks.php(22): Illuminate\\Pipeline\\Pipeline->Illuminate\\Pipeline\\{closure}()
#50 D:\\laravel\\School Managment System\\vendor\\laravel\\framework\\src\\Illuminate\\Pipeline\\Pipeline.php(209): Illuminate\\Foundation\\Http\\Middleware\\InvokeDeferredCallbacks->handle()
#51 D:\\laravel\\School Managment System\\vendor\\laravel\\framework\\src\\Illuminate\\Pipeline\\Pipeline.php(127): Illuminate\\Pipeline\\Pipeline->Illuminate\\Pipeline\\{closure}()
#52 D:\\laravel\\School Managment System\\vendor\\laravel\\framework\\src\\Illuminate\\Foundation\\Http\\Kernel.php(176): Illuminate\\Pipeline\\Pipeline->then()
#53 D:\\laravel\\School Managment System\\vendor\\laravel\\framework\\src\\Illuminate\\Foundation\\Http\\Kernel.php(145): Illuminate\\Foundation\\Http\\Kernel->sendRequestThroughRouter()
#54 D:\\laravel\\School Managment System\\vendor\\laravel\\framework\\src\\Illuminate\\Foundation\\Application.php(1220): Illuminate\\Foundation\\Http\\Kernel->handle()
#55 D:\\laravel\\School Managment System\\public\\index.php(17): Illuminate\\Foundation\\Application->handleRequest()
#56 D:\\laravel\\School Managment System\\vendor\\laravel\\framework\\src\\Illuminate\\Foundation\\resources\\server.php(23): require_once('...')
#57 {main}

[previous exception] [object] (PDOException(code: 42S02): SQLSTATE[42S02]: Base table or view not found: 1146 Table 'school_management_system.login_histories' doesn't exist at D:\\laravel\\School Managment System\\vendor\\laravel\\framework\\src\\Illuminate\\Database\\MySqlConnection.php:47)
[stacktrace]
#0 D:\\laravel\\School Managment System\\vendor\\laravel\\framework\\src\\Illuminate\\Database\\MySqlConnection.php(47): PDO->prepare()
#1 D:\\laravel\\School Managment System\\vendor\\laravel\\framework\\src\\Illuminate\\Database\\Connection.php(812): Illuminate\\Database\\MySqlConnection->Illuminate\\Database\\{closure}()
#2 D:\\laravel\\School Managment System\\vendor\\laravel\\framework\\src\\Illuminate\\Database\\Connection.php(779): Illuminate\\Database\\Connection->runQueryCallback()
#3 D:\\laravel\\School Managment System\\vendor\\laravel\\framework\\src\\Illuminate\\Database\\MySqlConnection.php(42): Illuminate\\Database\\Connection->run()
#4 D:\\laravel\\School Managment System\\vendor\\laravel\\framework\\src\\Illuminate\\Database\\Query\\Processors\\MySqlProcessor.php(35): Illuminate\\Database\\MySqlConnection->insert()
#5 D:\\laravel\\School Managment System\\vendor\\laravel\\framework\\src\\Illuminate\\Database\\Query\\Builder.php(3766): Illuminate\\Database\\Query\\Processors\\MySqlProcessor->processInsertGetId()
#6 D:\\laravel\\School Managment System\\vendor\\laravel\\framework\\src\\Illuminate\\Database\\Eloquent\\Builder.php(2120): Illuminate\\Database\\Query\\Builder->insertGetId()
#7 D:\\laravel\\School Managment System\\vendor\\laravel\\framework\\src\\Illuminate\\Database\\Eloquent\\Model.php(1359): Illuminate\\Database\\Eloquent\\Builder->__call()
#8 D:\\laravel\\School Managment System\\vendor\\laravel\\framework\\src\\Illuminate\\Database\\Eloquent\\Model.php(1324): Illuminate\\Database\\Eloquent\\Model->insertAndSetId()
#9 D:\\laravel\\School Managment System\\vendor\\laravel\\framework\\src\\Illuminate\\Database\\Eloquent\\Model.php(1163): Illuminate\\Database\\Eloquent\\Model->performInsert()
#10 D:\\laravel\\School Managment System\\vendor\\laravel\\framework\\src\\Illuminate\\Database\\Eloquent\\Builder.php(1128): Illuminate\\Database\\Eloquent\\Model->save()
#11 D:\\laravel\\School Managment System\\vendor\\laravel\\framework\\src\\Illuminate\\Support\\helpers.php(399): Illuminate\\Database\\Eloquent\\Builder->Illuminate\\Database\\Eloquent\\{closure}()
#12 D:\\laravel\\School Managment System\\vendor\\laravel\\framework\\src\\Illuminate\\Database\\Eloquent\\Builder.php(1127): tap()
#13 D:\\laravel\\School Managment System\\vendor\\laravel\\framework\\src\\Illuminate\\Support\\Traits\\ForwardsCalls.php(23): Illuminate\\Database\\Eloquent\\Builder->create()
#14 D:\\laravel\\School Managment System\\vendor\\laravel\\framework\\src\\Illuminate\\Database\\Eloquent\\Model.php(2372): Illuminate\\Database\\Eloquent\\Model->forwardCallTo()
#15 D:\\laravel\\School Managment System\\vendor\\laravel\\framework\\src\\Illuminate\\Database\\Eloquent\\Model.php(2384): Illuminate\\Database\\Eloquent\\Model->__call()
#16 D:\\laravel\\School Managment System\\app\\Services\\AuthService.php(119): Illuminate\\Database\\Eloquent\\Model::__callStatic()
#17 D:\\laravel\\School Managment System\\app\\Http\\Controllers\\AuthController.php(52): App\\Services\\AuthService->login()
#18 D:\\laravel\\School Managment System\\vendor\\laravel\\framework\\src\\Illuminate\\Routing\\ControllerDispatcher.php(47): App\\Http\\Controllers\\AuthController->login()
#19 D:\\laravel\\School Managment System\\vendor\\laravel\\framework\\src\\Illuminate\\Routing\\Route.php(266): Illuminate\\Routing\\ControllerDispatcher->dispatch()
#20 D:\\laravel\\School Managment System\\vendor\\laravel\\framework\\src\\Illuminate\\Routing\\Route.php(212): Illuminate\\Routing\\Route->runController()
#21 D:\\laravel\\School Managment System\\vendor\\laravel\\framework\\src\\Illuminate\\Routing\\Router.php(808): Illuminate\\Routing\\Route->run()
#22 D:\\laravel\\School Managment System\\vendor\\laravel\\framework\\src\\Illuminate\\Pipeline\\Pipeline.php(170): Illuminate\\Routing\\Router->Illuminate\\Routing\\{closure}()
#23 D:\\laravel\\School Managment System\\vendor\\laravel\\framework\\src\\Illuminate\\Routing\\Middleware\\SubstituteBindings.php(51): Illuminate\\Pipeline\\Pipeline->Illuminate\\Pipeline\\{closure}()
#24 D:\\laravel\\School Managment System\\vendor\\laravel\\framework\\src\\Illuminate\\Pipeline\\Pipeline.php(209): Illuminate\\Routing\\Middleware\\SubstituteBindings->handle()
#25 D:\\laravel\\School Managment System\\vendor\\laravel\\framework\\src\\Illuminate\\Session\\Middleware\\StartSession.php(121): Illuminate\\Pipeline\\Pipeline->Illuminate\\Pipeline\\{closure}()
#26 D:\\laravel\\School Managment System\\vendor\\laravel\\framework\\src\\Illuminate\\Session\\Middleware\\StartSession.php(64): Illuminate\\Session\\Middleware\\StartSession->handleStatefulRequest()
#27 D:\\laravel\\School Managment System\\vendor\\laravel\\framework\\src\\Illuminate\\Pipeline\\Pipeline.php(209): Illuminate\\Session\\Middleware\\StartSession->handle()
#28 D:\\laravel\\School Managment System\\vendor\\laravel\\framework\\src\\Illuminate\\Cookie\\Middleware\\AddQueuedCookiesToResponse.php(37): Illuminate\\Pipeline\\Pipeline->Illuminate\\Pipeline\\{closure}()
#29 D:\\laravel\\School Managment System\\vendor\\laravel\\framework\\src\\Illuminate\\Pipeline\\Pipeline.php(209): Illuminate\\Cookie\\Middleware\\AddQueuedCookiesToResponse->handle()
#30 D:\\laravel\\School Managment System\\vendor\\laravel\\framework\\src\\Illuminate\\Pipeline\\Pipeline.php(127): Illuminate\\Pipeline\\Pipeline->Illuminate\\Pipeline\\{closure}()
#31 D:\\laravel\\School Managment System\\vendor\\laravel\\framework\\src\\Illuminate\\Routing\\Router.php(807): Illuminate\\Pipeline\\Pipeline->then()
#32 D:\\laravel\\School Managment System\\vendor\\laravel\\framework\\src\\Illuminate\\Routing\\Router.php(786): Illuminate\\Routing\\Router->runRouteWithinStack()
#33 D:\\laravel\\School Managment System\\vendor\\laravel\\framework\\src\\Illuminate\\Routing\\Router.php(750): Illuminate\\Routing\\Router->runRoute()
#34 D:\\laravel\\School Managment System\\vendor\\laravel\\framework\\src\\Illuminate\\Routing\\Router.php(739): Illuminate\\Routing\\Router->dispatchToRoute()
#35 D:\\laravel\\School Managment System\\vendor\\laravel\\framework\\src\\Illuminate\\Foundation\\Http\\Kernel.php(201): Illuminate\\Routing\\Router->dispatch()
#36 D:\\laravel\\School Managment System\\vendor\\laravel\\framework\\src\\Illuminate\\Pipeline\\Pipeline.php(170): Illuminate\\Foundation\\Http\\Kernel->Illuminate\\Foundation\\Http\\{closure}()
#37 D:\\laravel\\School Managment System\\vendor\\laravel\\framework\\src\\Illuminate\\Foundation\\Http\\Middleware\\TransformsRequest.php(21): Illuminate\\Pipeline\\Pipeline->Illuminate\\Pipeline\\{closure}()
#38 D:\\laravel\\School Managment System\\vendor\\laravel\\framework\\src\\Illuminate\\Foundation\\Http\\Middleware\\ConvertEmptyStringsToNull.php(31): Illuminate\\Foundation\\Http\\Middleware\\TransformsRequest->handle()
#39 D:\\laravel\\School Managment System\\vendor\\laravel\\framework\\src\\Illuminate\\Pipeline\\Pipeline.php(209): Illuminate\\Foundation\\Http\\Middleware\\ConvertEmptyStringsToNull->handle()
#40 D:\\laravel\\School Managment System\\vendor\\laravel\\framework\\src\\Illuminate\\Foundation\\Http\\Middleware\\TransformsRequest.php(21): Illuminate\\Pipeline\\Pipeline->Illuminate\\Pipeline\\{closure}()
#41 D:\\laravel\\School Managment System\\vendor\\laravel\\framework\\src\\Illuminate\\Foundation\\Http\\Middleware\\TrimStrings.php(51): Illuminate\\Foundation\\Http\\Middleware\\TransformsRequest->handle()
#42 D:\\laravel\\School Managment System\\vendor\\laravel\\framework\\src\\Illuminate\\Pipeline\\Pipeline.php(209): Illuminate\\Foundation\\Http\\Middleware\\TrimStrings->handle()
#43 D:\\laravel\\School Managment System\\vendor\\laravel\\framework\\src\\Illuminate\\Http\\Middleware\\ValidatePostSize.php(27): Illuminate\\Pipeline\\Pipeline->Illuminate\\Pipeline\\{closure}()
#44 D:\\laravel\\School Managment System\\vendor\\laravel\\framework\\src\\Illuminate\\Pipeline\\Pipeline.php(209): Illuminate\\Http\\Middleware\\ValidatePostSize->handle()
#45 D:\\laravel\\School Managment System\\vendor\\laravel\\framework\\src\\Illuminate\\Foundation\\Http\\Middleware\\PreventRequestsDuringMaintenance.php(110): Illuminate\\Pipeline\\Pipeline->Illuminate\\Pipeline\\{closure}()
#46 D:\\laravel\\School Managment System\\vendor\\laravel\\framework\\src\\Illuminate\\Pipeline\\Pipeline.php(209): Illuminate\\Foundation\\Http\\Middleware\\PreventRequestsDuringMaintenance->handle()
#47 D:\\laravel\\School Managment System\\vendor\\laravel\\framework\\src\\Illuminate\\Http\\Middleware\\HandleCors.php(62): Illuminate\\Pipeline\\Pipeline->Illuminate\\Pipeline\\{closure}()
#48 D:\\laravel\\School Managment System\\vendor\\laravel\\framework\\src\\Illuminate\\Pipeline\\Pipeline.php(209): Illuminate\\Http\\Middleware\\HandleCors->handle()
#49 D:\\laravel\\School Managment System\\vendor\\laravel\\framework\\src\\Illuminate\\Http\\Middleware\\TrustProxies.php(58): Illuminate\\Pipeline\\Pipeline->Illuminate\\Pipeline\\{closure}()
#50 D:\\laravel\\School Managment System\\vendor\\laravel\\framework\\src\\Illuminate\\Pipeline\\Pipeline.php(209): Illuminate\\Http\\Middleware\\TrustProxies->handle()
#51 D:\\laravel\\School Managment System\\vendor\\laravel\\framework\\src\\Illuminate\\Foundation\\Http\\Middleware\\InvokeDeferredCallbacks.php(22): Illuminate\\Pipeline\\Pipeline->Illuminate\\Pipeline\\{closure}()
#52 D:\\laravel\\School Managment System\\vendor\\laravel\\framework\\src\\Illuminate\\Pipeline\\Pipeline.php(209): Illuminate\\Foundation\\Http\\Middleware\\InvokeDeferredCallbacks->handle()
#53 D:\\laravel\\School Managment System\\vendor\\laravel\\framework\\src\\Illuminate\\Pipeline\\Pipeline.php(127): Illuminate\\Pipeline\\Pipeline->Illuminate\\Pipeline\\{closure}()
#54 D:\\laravel\\School Managment System\\vendor\\laravel\\framework\\src\\Illuminate\\Foundation\\Http\\Kernel.php(176): Illuminate\\Pipeline\\Pipeline->then()
#55 D:\\laravel\\School Managment System\\vendor\\laravel\\framework\\src\\Illuminate\\Foundation\\Http\\Kernel.php(145): Illuminate\\Foundation\\Http\\Kernel->sendRequestThroughRouter()
#56 D:\\laravel\\School Managment System\\vendor\\laravel\\framework\\src\\Illuminate\\Foundation\\Application.php(1220): Illuminate\\Foundation\\Http\\Kernel->handle()
#57 D:\\laravel\\School Managment System\\public\\index.php(17): Illuminate\\Foundation\\Application->handleRequest()
#58 D:\\laravel\\School Managment System\\vendor\\laravel\\framework\\src\\Illuminate\\Foundation\\resources\\server.php(23): require_once('...')
#59 {main}
"} 
[2026-04-25 09:10:01] local.ERROR: SQLSTATE[42S02]: Base table or view not found: 1146 Table 'school_management_system.login_histories' doesn't exist (Connection: mysql, SQL: insert into `login_histories` (`user_id`, `ip_address`, `user_agent`, `device_type`, `status`, `updated_at`, `created_at`) values (55, 127.0.0.1, PostmanRuntime/7.42.0, web, success, 2026-04-25 09:10:01, 2026-04-25 09:10:01)) {"exception":"[object] (Illuminate\\Database\\QueryException(code: 42S02): SQLSTATE[42S02]: Base table or view not found: 1146 Table 'school_management_system.login_histories' doesn't exist (Connection: mysql, SQL: insert into `login_histories` (`user_id`, `ip_address`, `user_agent`, `device_type`, `status`, `updated_at`, `created_at`) values (55, 127.0.0.1, PostmanRuntime/7.42.0, web, success, 2026-04-25 09:10:01, 2026-04-25 09:10:01)) at D:\\laravel\\School Managment System\\vendor\\laravel\\framework\\src\\Illuminate\\Database\\Connection.php:825)
[stacktrace]
#0 D:\\laravel\\School Managment System\\vendor\\laravel\\framework\\src\\Illuminate\\Database\\Connection.php(779): Illuminate\\Database\\Connection->runQueryCallback()
#1 D:\\laravel\\School Managment System\\vendor\\laravel\\framework\\src\\Illuminate\\Database\\MySqlConnection.php(42): Illuminate\\Database\\Connection->run()
#2 D:\\laravel\\School Managment System\\vendor\\laravel\\framework\\src\\Illuminate\\Database\\Query\\Processors\\MySqlProcessor.php(35): Illuminate\\Database\\MySqlConnection->insert()
#3 D:\\laravel\\School Managment System\\vendor\\laravel\\framework\\src\\Illuminate\\Database\\Query\\Builder.php(3766): Illuminate\\Database\\Query\\Processors\\MySqlProcessor->processInsertGetId()
#4 D:\\laravel\\School Managment System\\vendor\\laravel\\framework\\src\\Illuminate\\Database\\Eloquent\\Builder.php(2120): Illuminate\\Database\\Query\\Builder->insertGetId()
#5 D:\\laravel\\School Managment System\\vendor\\laravel\\framework\\src\\Illuminate\\Database\\Eloquent\\Model.php(1359): Illuminate\\Database\\Eloquent\\Builder->__call()
#6 D:\\laravel\\School Managment System\\vendor\\laravel\\framework\\src\\Illuminate\\Database\\Eloquent\\Model.php(1324): Illuminate\\Database\\Eloquent\\Model->insertAndSetId()
#7 D:\\laravel\\School Managment System\\vendor\\laravel\\framework\\src\\Illuminate\\Database\\Eloquent\\Model.php(1163): Illuminate\\Database\\Eloquent\\Model->performInsert()
#8 D:\\laravel\\School Managment System\\vendor\\laravel\\framework\\src\\Illuminate\\Database\\Eloquent\\Builder.php(1128): Illuminate\\Database\\Eloquent\\Model->save()
#9 D:\\laravel\\School Managment System\\vendor\\laravel\\framework\\src\\Illuminate\\Support\\helpers.php(399): Illuminate\\Database\\Eloquent\\Builder->Illuminate\\Database\\Eloquent\\{closure}()
#10 D:\\laravel\\School Managment System\\vendor\\laravel\\framework\\src\\Illuminate\\Database\\Eloquent\\Builder.php(1127): tap()
#11 D:\\laravel\\School Managment System\\vendor\\laravel\\framework\\src\\Illuminate\\Support\\Traits\\ForwardsCalls.php(23): Illuminate\\Database\\Eloquent\\Builder->create()
#12 D:\\laravel\\School Managment System\\vendor\\laravel\\framework\\src\\Illuminate\\Database\\Eloquent\\Model.php(2372): Illuminate\\Database\\Eloquent\\Model->forwardCallTo()
#13 D:\\laravel\\School Managment System\\vendor\\laravel\\framework\\src\\Illuminate\\Database\\Eloquent\\Model.php(2384): Illuminate\\Database\\Eloquent\\Model->__call()
#14 D:\\laravel\\School Managment System\\app\\Services\\AuthService.php(119): Illuminate\\Database\\Eloquent\\Model::__callStatic()
#15 D:\\laravel\\School Managment System\\app\\Http\\Controllers\\AuthController.php(52): App\\Services\\AuthService->login()
#16 D:\\laravel\\School Managment System\\vendor\\laravel\\framework\\src\\Illuminate\\Routing\\ControllerDispatcher.php(47): App\\Http\\Controllers\\AuthController->login()
#17 D:\\laravel\\School Managment System\\vendor\\laravel\\framework\\src\\Illuminate\\Routing\\Route.php(266): Illuminate\\Routing\\ControllerDispatcher->dispatch()
#18 D:\\laravel\\School Managment System\\vendor\\laravel\\framework\\src\\Illuminate\\Routing\\Route.php(212): Illuminate\\Routing\\Route->runController()
#19 D:\\laravel\\School Managment System\\vendor\\laravel\\framework\\src\\Illuminate\\Routing\\Router.php(808): Illuminate\\Routing\\Route->run()
#20 D:\\laravel\\School Managment System\\vendor\\laravel\\framework\\src\\Illuminate\\Pipeline\\Pipeline.php(170): Illuminate\\Routing\\Router->Illuminate\\Routing\\{closure}()
#21 D:\\laravel\\School Managment System\\vendor\\laravel\\framework\\src\\Illuminate\\Routing\\Middleware\\SubstituteBindings.php(51): Illuminate\\Pipeline\\Pipeline->Illuminate\\Pipeline\\{closure}()
#22 D:\\laravel\\School Managment System\\vendor\\laravel\\framework\\src\\Illuminate\\Pipeline\\Pipeline.php(209): Illuminate\\Routing\\Middleware\\SubstituteBindings->handle()
#23 D:\\laravel\\School Managment System\\vendor\\laravel\\framework\\src\\Illuminate\\Session\\Middleware\\StartSession.php(121): Illuminate\\Pipeline\\Pipeline->Illuminate\\Pipeline\\{closure}()
#24 D:\\laravel\\School Managment System\\vendor\\laravel\\framework\\src\\Illuminate\\Session\\Middleware\\StartSession.php(64): Illuminate\\Session\\Middleware\\StartSession->handleStatefulRequest()
#25 D:\\laravel\\School Managment System\\vendor\\laravel\\framework\\src\\Illuminate\\Pipeline\\Pipeline.php(209): Illuminate\\Session\\Middleware\\StartSession->handle()
#26 D:\\laravel\\School Managment System\\vendor\\laravel\\framework\\src\\Illuminate\\Cookie\\Middleware\\AddQueuedCookiesToResponse.php(37): Illuminate\\Pipeline\\Pipeline->Illuminate\\Pipeline\\{closure}()
#27 D:\\laravel\\School Managment System\\vendor\\laravel\\framework\\src\\Illuminate\\Pipeline\\Pipeline.php(209): Illuminate\\Cookie\\Middleware\\AddQueuedCookiesToResponse->handle()
#28 D:\\laravel\\School Managment System\\vendor\\laravel\\framework\\src\\Illuminate\\Pipeline\\Pipeline.php(127): Illuminate\\Pipeline\\Pipeline->Illuminate\\Pipeline\\{closure}()
#29 D:\\laravel\\School Managment System\\vendor\\laravel\\framework\\src\\Illuminate\\Routing\\Router.php(807): Illuminate\\Pipeline\\Pipeline->then()
#30 D:\\laravel\\School Managment System\\vendor\\laravel\\framework\\src\\Illuminate\\Routing\\Router.php(786): Illuminate\\Routing\\Router->runRouteWithinStack()
#31 D:\\laravel\\School Managment System\\vendor\\laravel\\framework\\src\\Illuminate\\Routing\\Router.php(750): Illuminate\\Routing\\Router->runRoute()
#32 D:\\laravel\\School Managment System\\vendor\\laravel\\framework\\src\\Illuminate\\Routing\\Router.php(739): Illuminate\\Routing\\Router->dispatchToRoute()
#33 D:\\laravel\\School Managment System\\vendor\\laravel\\framework\\src\\Illuminate\\Foundation\\Http\\Kernel.php(201): Illuminate\\Routing\\Router->dispatch()
#34 D:\\laravel\\School Managment System\\vendor\\laravel\\framework\\src\\Illuminate\\Pipeline\\Pipeline.php(170): Illuminate\\Foundation\\Http\\Kernel->Illuminate\\Foundation\\Http\\{closure}()
#35 D:\\laravel\\School Managment System\\vendor\\laravel\\framework\\src\\Illuminate\\Foundation\\Http\\Middleware\\TransformsRequest.php(21): Illuminate\\Pipeline\\Pipeline->Illuminate\\Pipeline\\{closure}()
#36 D:\\laravel\\School Managment System\\vendor\\laravel\\framework\\src\\Illuminate\\Foundation\\Http\\Middleware\\ConvertEmptyStringsToNull.php(31): Illuminate\\Foundation\\Http\\Middleware\\TransformsRequest->handle()
#37 D:\\laravel\\School Managment System\\vendor\\laravel\\framework\\src\\Illuminate\\Pipeline\\Pipeline.php(209): Illuminate\\Foundation\\Http\\Middleware\\ConvertEmptyStringsToNull->handle()
#38 D:\\laravel\\School Managment System\\vendor\\laravel\\framework\\src\\Illuminate\\Foundation\\Http\\Middleware\\TransformsRequest.php(21): Illuminate\\Pipeline\\Pipeline->Illuminate\\Pipeline\\{closure}()
#39 D:\\laravel\\School Managment System\\vendor\\laravel\\framework\\src\\Illuminate\\Foundation\\Http\\Middleware\\TrimStrings.php(51): Illuminate\\Foundation\\Http\\Middleware\\TransformsRequest->handle()
#40 D:\\laravel\\School Managment System\\vendor\\laravel\\framework\\src\\Illuminate\\Pipeline\\Pipeline.php(209): Illuminate\\Foundation\\Http\\Middleware\\TrimStrings->handle()
#41 D:\\laravel\\School Managment System\\vendor\\laravel\\framework\\src\\Illuminate\\Http\\Middleware\\ValidatePostSize.php(27): Illuminate\\Pipeline\\Pipeline->Illuminate\\Pipeline\\{closure}()
#42 D:\\laravel\\School Managment System\\vendor\\laravel\\framework\\src\\Illuminate\\Pipeline\\Pipeline.php(209): Illuminate\\Http\\Middleware\\ValidatePostSize->handle()
#43 D:\\laravel\\School Managment System\\vendor\\laravel\\framework\\src\\Illuminate\\Foundation\\Http\\Middleware\\PreventRequestsDuringMaintenance.php(110): Illuminate\\Pipeline\\Pipeline->Illuminate\\Pipeline\\{closure}()
#44 D:\\laravel\\School Managment System\\vendor\\laravel\\framework\\src\\Illuminate\\Pipeline\\Pipeline.php(209): Illuminate\\Foundation\\Http\\Middleware\\PreventRequestsDuringMaintenance->handle()
#45 D:\\laravel\\School Managment System\\vendor\\laravel\\framework\\src\\Illuminate\\Http\\Middleware\\HandleCors.php(62): Illuminate\\Pipeline\\Pipeline->Illuminate\\Pipeline\\{closure}()
#46 D:\\laravel\\School Managment System\\vendor\\laravel\\framework\\src\\Illuminate\\Pipeline\\Pipeline.php(209): Illuminate\\Http\\Middleware\\HandleCors->handle()
#47 D:\\laravel\\School Managment System\\vendor\\laravel\\framework\\src\\Illuminate\\Http\\Middleware\\TrustProxies.php(58): Illuminate\\Pipeline\\Pipeline->Illuminate\\Pipeline\\{closure}()
#48 D:\\laravel\\School Managment System\\vendor\\laravel\\framework\\src\\Illuminate\\Pipeline\\Pipeline.php(209): Illuminate\\Http\\Middleware\\TrustProxies->handle()
#49 D:\\laravel\\School Managment System\\vendor\\laravel\\framework\\src\\Illuminate\\Foundation\\Http\\Middleware\\InvokeDeferredCallbacks.php(22): Illuminate\\Pipeline\\Pipeline->Illuminate\\Pipeline\\{closure}()
#50 D:\\laravel\\School Managment System\\vendor\\laravel\\framework\\src\\Illuminate\\Pipeline\\Pipeline.php(209): Illuminate\\Foundation\\Http\\Middleware\\InvokeDeferredCallbacks->handle()
#51 D:\\laravel\\School Managment System\\vendor\\laravel\\framework\\src\\Illuminate\\Pipeline\\Pipeline.php(127): Illuminate\\Pipeline\\Pipeline->Illuminate\\Pipeline\\{closure}()
#52 D:\\laravel\\School Managment System\\vendor\\laravel\\framework\\src\\Illuminate\\Foundation\\Http\\Kernel.php(176): Illuminate\\Pipeline\\Pipeline->then()
#53 D:\\laravel\\School Managment System\\vendor\\laravel\\framework\\src\\Illuminate\\Foundation\\Http\\Kernel.php(145): Illuminate\\Foundation\\Http\\Kernel->sendRequestThroughRouter()
#54 D:\\laravel\\School Managment System\\vendor\\laravel\\framework\\src\\Illuminate\\Foundation\\Application.php(1220): Illuminate\\Foundation\\Http\\Kernel->handle()
#55 D:\\laravel\\School Managment System\\public\\index.php(17): Illuminate\\Foundation\\Application->handleRequest()
#56 D:\\laravel\\School Managment System\\vendor\\laravel\\framework\\src\\Illuminate\\Foundation\\resources\\server.php(23): require_once('...')
#57 {main}

[previous exception] [object] (PDOException(code: 42S02): SQLSTATE[42S02]: Base table or view not found: 1146 Table 'school_management_system.login_histories' doesn't exist at D:\\laravel\\School Managment System\\vendor\\laravel\\framework\\src\\Illuminate\\Database\\MySqlConnection.php:47)
[stacktrace]
#0 D:\\laravel\\School Managment System\\vendor\\laravel\\framework\\src\\Illuminate\\Database\\MySqlConnection.php(47): PDO->prepare()
#1 D:\\laravel\\School Managment System\\vendor\\laravel\\framework\\src\\Illuminate\\Database\\Connection.php(812): Illuminate\\Database\\MySqlConnection->Illuminate\\Database\\{closure}()
#2 D:\\laravel\\School Managment System\\vendor\\laravel\\framework\\src\\Illuminate\\Database\\Connection.php(779): Illuminate\\Database\\Connection->runQueryCallback()
#3 D:\\laravel\\School Managment System\\vendor\\laravel\\framework\\src\\Illuminate\\Database\\MySqlConnection.php(42): Illuminate\\Database\\Connection->run()
#4 D:\\laravel\\School Managment System\\vendor\\laravel\\framework\\src\\Illuminate\\Database\\Query\\Processors\\MySqlProcessor.php(35): Illuminate\\Database\\MySqlConnection->insert()
#5 D:\\laravel\\School Managment System\\vendor\\laravel\\framework\\src\\Illuminate\\Database\\Query\\Builder.php(3766): Illuminate\\Database\\Query\\Processors\\MySqlProcessor->processInsertGetId()
#6 D:\\laravel\\School Managment System\\vendor\\laravel\\framework\\src\\Illuminate\\Database\\Eloquent\\Builder.php(2120): Illuminate\\Database\\Query\\Builder->insertGetId()
#7 D:\\laravel\\School Managment System\\vendor\\laravel\\framework\\src\\Illuminate\\Database\\Eloquent\\Model.php(1359): Illuminate\\Database\\Eloquent\\Builder->__call()
#8 D:\\laravel\\School Managment System\\vendor\\laravel\\framework\\src\\Illuminate\\Database\\Eloquent\\Model.php(1324): Illuminate\\Database\\Eloquent\\Model->insertAndSetId()
#9 D:\\laravel\\School Managment System\\vendor\\laravel\\framework\\src\\Illuminate\\Database\\Eloquent\\Model.php(1163): Illuminate\\Database\\Eloquent\\Model->performInsert()
#10 D:\\laravel\\School Managment System\\vendor\\laravel\\framework\\src\\Illuminate\\Database\\Eloquent\\Builder.php(1128): Illuminate\\Database\\Eloquent\\Model->save()
#11 D:\\laravel\\School Managment System\\vendor\\laravel\\framework\\src\\Illuminate\\Support\\helpers.php(399): Illuminate\\Database\\Eloquent\\Builder->Illuminate\\Database\\Eloquent\\{closure}()
#12 D:\\laravel\\School Managment System\\vendor\\laravel\\framework\\src\\Illuminate\\Database\\Eloquent\\Builder.php(1127): tap()
#13 D:\\laravel\\School Managment System\\vendor\\laravel\\framework\\src\\Illuminate\\Support\\Traits\\ForwardsCalls.php(23): Illuminate\\Database\\Eloquent\\Builder->create()
#14 D:\\laravel\\School Managment System\\vendor\\laravel\\framework\\src\\Illuminate\\Database\\Eloquent\\Model.php(2372): Illuminate\\Database\\Eloquent\\Model->forwardCallTo()
#15 D:\\laravel\\School Managment System\\vendor\\laravel\\framework\\src\\Illuminate\\Database\\Eloquent\\Model.php(2384): Illuminate\\Database\\Eloquent\\Model->__call()
#16 D:\\laravel\\School Managment System\\app\\Services\\AuthService.php(119): Illuminate\\Database\\Eloquent\\Model::__callStatic()
#17 D:\\laravel\\School Managment System\\app\\Http\\Controllers\\AuthController.php(52): App\\Services\\AuthService->login()
#18 D:\\laravel\\School Managment System\\vendor\\laravel\\framework\\src\\Illuminate\\Routing\\ControllerDispatcher.php(47): App\\Http\\Controllers\\AuthController->login()
#19 D:\\laravel\\School Managment System\\vendor\\laravel\\framework\\src\\Illuminate\\Routing\\Route.php(266): Illuminate\\Routing\\ControllerDispatcher->dispatch()
#20 D:\\laravel\\School Managment System\\vendor\\laravel\\framework\\src\\Illuminate\\Routing\\Route.php(212): Illuminate\\Routing\\Route->runController()
#21 D:\\laravel\\School Managment System\\vendor\\laravel\\framework\\src\\Illuminate\\Routing\\Router.php(808): Illuminate\\Routing\\Route->run()
#22 D:\\laravel\\School Managment System\\vendor\\laravel\\framework\\src\\Illuminate\\Pipeline\\Pipeline.php(170): Illuminate\\Routing\\Router->Illuminate\\Routing\\{closure}()
#23 D:\\laravel\\School Managment System\\vendor\\laravel\\framework\\src\\Illuminate\\Routing\\Middleware\\SubstituteBindings.php(51): Illuminate\\Pipeline\\Pipeline->Illuminate\\Pipeline\\{closure}()
#24 D:\\laravel\\School Managment System\\vendor\\laravel\\framework\\src\\Illuminate\\Pipeline\\Pipeline.php(209): Illuminate\\Routing\\Middleware\\SubstituteBindings->handle()
#25 D:\\laravel\\School Managment System\\vendor\\laravel\\framework\\src\\Illuminate\\Session\\Middleware\\StartSession.php(121): Illuminate\\Pipeline\\Pipeline->Illuminate\\Pipeline\\{closure}()
#26 D:\\laravel\\School Managment System\\vendor\\laravel\\framework\\src\\Illuminate\\Session\\Middleware\\StartSession.php(64): Illuminate\\Session\\Middleware\\StartSession->handleStatefulRequest()
#27 D:\\laravel\\School Managment System\\vendor\\laravel\\framework\\src\\Illuminate\\Pipeline\\Pipeline.php(209): Illuminate\\Session\\Middleware\\StartSession->handle()
#28 D:\\laravel\\School Managment System\\vendor\\laravel\\framework\\src\\Illuminate\\Cookie\\Middleware\\AddQueuedCookiesToResponse.php(37): Illuminate\\Pipeline\\Pipeline->Illuminate\\Pipeline\\{closure}()
#29 D:\\laravel\\School Managment System\\vendor\\laravel\\framework\\src\\Illuminate\\Pipeline\\Pipeline.php(209): Illuminate\\Cookie\\Middleware\\AddQueuedCookiesToResponse->handle()
#30 D:\\laravel\\School Managment System\\vendor\\laravel\\framework\\src\\Illuminate\\Pipeline\\Pipeline.php(127): Illuminate\\Pipeline\\Pipeline->Illuminate\\Pipeline\\{closure}()
#31 D:\\laravel\\School Managment System\\vendor\\laravel\\framework\\src\\Illuminate\\Routing\\Router.php(807): Illuminate\\Pipeline\\Pipeline->then()
#32 D:\\laravel\\School Managment System\\vendor\\laravel\\framework\\src\\Illuminate\\Routing\\Router.php(786): Illuminate\\Routing\\Router->runRouteWithinStack()
#33 D:\\laravel\\School Managment System\\vendor\\laravel\\framework\\src\\Illuminate\\Routing\\Router.php(750): Illuminate\\Routing\\Router->runRoute()
#34 D:\\laravel\\School Managment System\\vendor\\laravel\\framework\\src\\Illuminate\\Routing\\Router.php(739): Illuminate\\Routing\\Router->dispatchToRoute()
#35 D:\\laravel\\School Managment System\\vendor\\laravel\\framework\\src\\Illuminate\\Foundation\\Http\\Kernel.php(201): Illuminate\\Routing\\Router->dispatch()
#36 D:\\laravel\\School Managment System\\vendor\\laravel\\framework\\src\\Illuminate\\Pipeline\\Pipeline.php(170): Illuminate\\Foundation\\Http\\Kernel->Illuminate\\Foundation\\Http\\{closure}()
#37 D:\\laravel\\School Managment System\\vendor\\laravel\\framework\\src\\Illuminate\\Foundation\\Http\\Middleware\\TransformsRequest.php(21): Illuminate\\Pipeline\\Pipeline->Illuminate\\Pipeline\\{closure}()
#38 D:\\laravel\\School Managment System\\vendor\\laravel\\framework\\src\\Illuminate\\Foundation\\Http\\Middleware\\ConvertEmptyStringsToNull.php(31): Illuminate\\Foundation\\Http\\Middleware\\TransformsRequest->handle()
#39 D:\\laravel\\School Managment System\\vendor\\laravel\\framework\\src\\Illuminate\\Pipeline\\Pipeline.php(209): Illuminate\\Foundation\\Http\\Middleware\\ConvertEmptyStringsToNull->handle()
#40 D:\\laravel\\School Managment System\\vendor\\laravel\\framework\\src\\Illuminate\\Foundation\\Http\\Middleware\\TransformsRequest.php(21): Illuminate\\Pipeline\\Pipeline->Illuminate\\Pipeline\\{closure}()
#41 D:\\laravel\\School Managment System\\vendor\\laravel\\framework\\src\\Illuminate\\Foundation\\Http\\Middleware\\TrimStrings.php(51): Illuminate\\Foundation\\Http\\Middleware\\TransformsRequest->handle()
#42 D:\\laravel\\School Managment System\\vendor\\laravel\\framework\\src\\Illuminate\\Pipeline\\Pipeline.php(209): Illuminate\\Foundation\\Http\\Middleware\\TrimStrings->handle()
#43 D:\\laravel\\School Managment System\\vendor\\laravel\\framework\\src\\Illuminate\\Http\\Middleware\\ValidatePostSize.php(27): Illuminate\\Pipeline\\Pipeline->Illuminate\\Pipeline\\{closure}()
#44 D:\\laravel\\School Managment System\\vendor\\laravel\\framework\\src\\Illuminate\\Pipeline\\Pipeline.php(209): Illuminate\\Http\\Middleware\\ValidatePostSize->handle()
#45 D:\\laravel\\School Managment System\\vendor\\laravel\\framework\\src\\Illuminate\\Foundation\\Http\\Middleware\\PreventRequestsDuringMaintenance.php(110): Illuminate\\Pipeline\\Pipeline->Illuminate\\Pipeline\\{closure}()
#46 D:\\laravel\\School Managment System\\vendor\\laravel\\framework\\src\\Illuminate\\Pipeline\\Pipeline.php(209): Illuminate\\Foundation\\Http\\Middleware\\PreventRequestsDuringMaintenance->handle()
#47 D:\\laravel\\School Managment System\\vendor\\laravel\\framework\\src\\Illuminate\\Http\\Middleware\\HandleCors.php(62): Illuminate\\Pipeline\\Pipeline->Illuminate\\Pipeline\\{closure}()
#48 D:\\laravel\\School Managment System\\vendor\\laravel\\framework\\src\\Illuminate\\Pipeline\\Pipeline.php(209): Illuminate\\Http\\Middleware\\HandleCors->handle()
#49 D:\\laravel\\School Managment System\\vendor\\laravel\\framework\\src\\Illuminate\\Http\\Middleware\\TrustProxies.php(58): Illuminate\\Pipeline\\Pipeline->Illuminate\\Pipeline\\{closure}()
#50 D:\\laravel\\School Managment System\\vendor\\laravel\\framework\\src\\Illuminate\\Pipeline\\Pipeline.php(209): Illuminate\\Http\\Middleware\\TrustProxies->handle()
#51 D:\\laravel\\School Managment System\\vendor\\laravel\\framework\\src\\Illuminate\\Foundation\\Http\\Middleware\\InvokeDeferredCallbacks.php(22): Illuminate\\Pipeline\\Pipeline->Illuminate\\Pipeline\\{closure}()
#52 D:\\laravel\\School Managment System\\vendor\\laravel\\framework\\src\\Illuminate\\Pipeline\\Pipeline.php(209): Illuminate\\Foundation\\Http\\Middleware\\InvokeDeferredCallbacks->handle()
#53 D:\\laravel\\School Managment System\\vendor\\laravel\\framework\\src\\Illuminate\\Pipeline\\Pipeline.php(127): Illuminate\\Pipeline\\Pipeline->Illuminate\\Pipeline\\{closure}()
#54 D:\\laravel\\School Managment System\\vendor\\laravel\\framework\\src\\Illuminate\\Foundation\\Http\\Kernel.php(176): Illuminate\\Pipeline\\Pipeline->then()
#55 D:\\laravel\\School Managment System\\vendor\\laravel\\framework\\src\\Illuminate\\Foundation\\Http\\Kernel.php(145): Illuminate\\Foundation\\Http\\Kernel->sendRequestThroughRouter()
#56 D:\\laravel\\School Managment System\\vendor\\laravel\\framework\\src\\Illuminate\\Foundation\\Application.php(1220): Illuminate\\Foundation\\Http\\Kernel->handle()
#57 D:\\laravel\\School Managment System\\public\\index.php(17): Illuminate\\Foundation\\Application->handleRequest()
#58 D:\\laravel\\School Managment System\\vendor\\laravel\\framework\\src\\Illuminate\\Foundation\\resources\\server.php(23): require_once('...')
#59 {main}
"} 
[2026-04-25 09:14:27] local.ERROR: SQLSTATE[42S01]: Base table or view already exists: 1050 Table 'login_history' already exists (Connection: mysql, SQL: create table `login_history` (`id` bigint unsigned not null auto_increment primary key, `user_id` bigint unsigned not null, `ip_address` varchar(45) null, `user_agent` text null, `device_type` varchar(255) null, `status` varchar(255) not null, `location` varchar(255) null, `created_at` timestamp null, `updated_at` timestamp null) default character set utf8mb4 collate 'utf8mb4_unicode_ci') {"exception":"[object] (Illuminate\\Database\\QueryException(code: 42S01): SQLSTATE[42S01]: Base table or view already exists: 1050 Table 'login_history' already exists (Connection: mysql, SQL: create table `login_history` (`id` bigint unsigned not null auto_increment primary key, `user_id` bigint unsigned not null, `ip_address` varchar(45) null, `user_agent` text null, `device_type` varchar(255) null, `status` varchar(255) not null, `location` varchar(255) null, `created_at` timestamp null, `updated_at` timestamp null) default character set utf8mb4 collate 'utf8mb4_unicode_ci') at D:\\laravel\\School Managment System\\vendor\\laravel\\framework\\src\\Illuminate\\Database\\Connection.php:825)
[stacktrace]
#0 D:\\laravel\\School Managment System\\vendor\\laravel\\framework\\src\\Illuminate\\Database\\Connection.php(779): Illuminate\\Database\\Connection->runQueryCallback()
#1 D:\\laravel\\School Managment System\\vendor\\laravel\\framework\\src\\Illuminate\\Database\\Connection.php(560): Illuminate\\Database\\Connection->run()
#2 D:\\laravel\\School Managment System\\vendor\\laravel\\framework\\src\\Illuminate\\Database\\Schema\\Blueprint.php(118): Illuminate\\Database\\Connection->statement()
#3 D:\\laravel\\School Managment System\\vendor\\laravel\\framework\\src\\Illuminate\\Database\\Schema\\Builder.php(564): Illuminate\\Database\\Schema\\Blueprint->build()
#4 D:\\laravel\\School Managment System\\vendor\\laravel\\framework\\src\\Illuminate\\Database\\Schema\\Builder.php(418): Illuminate\\Database\\Schema\\Builder->build()
#5 D:\\laravel\\School Managment System\\vendor\\laravel\\framework\\src\\Illuminate\\Support\\Facades\\Facade.php(361): Illuminate\\Database\\Schema\\Builder->create()
#6 D:\\laravel\\School Managment System\\database\\migrations\\2026_04_24_173746_create_login_histories_table.php(11): Illuminate\\Support\\Facades\\Facade::__callStatic()
#7 D:\\laravel\\School Managment System\\vendor\\laravel\\framework\\src\\Illuminate\\Database\\Migrations\\Migrator.php(507): Illuminate\\Database\\Migrations\\Migration@anonymous->up()
#8 D:\\laravel\\School Managment System\\vendor\\laravel\\framework\\src\\Illuminate\\Database\\Migrations\\Migrator.php(432): Illuminate\\Database\\Migrations\\Migrator->runMethod()
#9 D:\\laravel\\School Managment System\\vendor\\laravel\\framework\\src\\Illuminate\\Database\\Migrations\\Migrator.php(441): Illuminate\\Database\\Migrations\\Migrator->Illuminate\\Database\\Migrations\\{closure}()
#10 D:\\laravel\\School Managment System\\vendor\\laravel\\framework\\src\\Illuminate\\Database\\Migrations\\Migrator.php(244): Illuminate\\Database\\Migrations\\Migrator->runMigration()
#11 D:\\laravel\\School Managment System\\vendor\\laravel\\framework\\src\\Illuminate\\Console\\View\\Components\\Task.php(40): Illuminate\\Database\\Migrations\\Migrator->Illuminate\\Database\\Migrations\\{closure}()
#12 D:\\laravel\\School Managment System\\vendor\\laravel\\framework\\src\\Illuminate\\Database\\Migrations\\Migrator.php(798): Illuminate\\Console\\View\\Components\\Task->render()
#13 D:\\laravel\\School Managment System\\vendor\\laravel\\framework\\src\\Illuminate\\Database\\Migrations\\Migrator.php(244): Illuminate\\Database\\Migrations\\Migrator->write()
#14 D:\\laravel\\School Managment System\\vendor\\laravel\\framework\\src\\Illuminate\\Database\\Migrations\\Migrator.php(211): Illuminate\\Database\\Migrations\\Migrator->runUp()
#15 D:\\laravel\\School Managment System\\vendor\\laravel\\framework\\src\\Illuminate\\Database\\Migrations\\Migrator.php(138): Illuminate\\Database\\Migrations\\Migrator->runPending()
#16 D:\\laravel\\School Managment System\\vendor\\laravel\\framework\\src\\Illuminate\\Database\\Console\\Migrations\\MigrateCommand.php(117): Illuminate\\Database\\Migrations\\Migrator->run()
#17 D:\\laravel\\School Managment System\\vendor\\laravel\\framework\\src\\Illuminate\\Database\\Migrations\\Migrator.php(658): Illuminate\\Database\\Console\\Migrations\\MigrateCommand->Illuminate\\Database\\Console\\Migrations\\{closure}()
#18 D:\\laravel\\School Managment System\\vendor\\laravel\\framework\\src\\Illuminate\\Database\\Console\\Migrations\\MigrateCommand.php(110): Illuminate\\Database\\Migrations\\Migrator->usingConnection()
#19 D:\\laravel\\School Managment System\\vendor\\laravel\\framework\\src\\Illuminate\\Database\\Console\\Migrations\\MigrateCommand.php(89): Illuminate\\Database\\Console\\Migrations\\MigrateCommand->runMigrations()
#20 D:\\laravel\\School Managment System\\vendor\\laravel\\framework\\src\\Illuminate\\Container\\BoundMethod.php(36): Illuminate\\Database\\Console\\Migrations\\MigrateCommand->handle()
#21 D:\\laravel\\School Managment System\\vendor\\laravel\\framework\\src\\Illuminate\\Container\\Util.php(43): Illuminate\\Container\\BoundMethod::Illuminate\\Container\\{closure}()
#22 D:\\laravel\\School Managment System\\vendor\\laravel\\framework\\src\\Illuminate\\Container\\BoundMethod.php(95): Illuminate\\Container\\Util::unwrapIfClosure()
#23 D:\\laravel\\School Managment System\\vendor\\laravel\\framework\\src\\Illuminate\\Container\\BoundMethod.php(35): Illuminate\\Container\\BoundMethod::callBoundMethod()
#24 D:\\laravel\\School Managment System\\vendor\\laravel\\framework\\src\\Illuminate\\Container\\Container.php(696): Illuminate\\Container\\BoundMethod::call()
#25 D:\\laravel\\School Managment System\\vendor\\laravel\\framework\\src\\Illuminate\\Console\\Command.php(213): Illuminate\\Container\\Container->call()
#26 D:\\laravel\\School Managment System\\vendor\\symfony\\console\\Command\\Command.php(318): Illuminate\\Console\\Command->execute()
#27 D:\\laravel\\School Managment System\\vendor\\laravel\\framework\\src\\Illuminate\\Console\\Command.php(182): Symfony\\Component\\Console\\Command\\Command->run()
#28 D:\\laravel\\School Managment System\\vendor\\symfony\\console\\Application.php(1073): Illuminate\\Console\\Command->run()
#29 D:\\laravel\\School Managment System\\vendor\\symfony\\console\\Application.php(356): Symfony\\Component\\Console\\Application->doRunCommand()
#30 D:\\laravel\\School Managment System\\vendor\\symfony\\console\\Application.php(195): Symfony\\Component\\Console\\Application->doRun()
#31 D:\\laravel\\School Managment System\\vendor\\laravel\\framework\\src\\Illuminate\\Foundation\\Console\\Kernel.php(198): Symfony\\Component\\Console\\Application->run()
#32 D:\\laravel\\School Managment System\\vendor\\laravel\\framework\\src\\Illuminate\\Foundation\\Application.php(1235): Illuminate\\Foundation\\Console\\Kernel->handle()
#33 D:\\laravel\\School Managment System\\artisan(13): Illuminate\\Foundation\\Application->handleCommand()
#34 {main}

[previous exception] [object] (PDOException(code: 42S01): SQLSTATE[42S01]: Base table or view already exists: 1050 Table 'login_history' already exists at D:\\laravel\\School Managment System\\vendor\\laravel\\framework\\src\\Illuminate\\Database\\Connection.php:571)
[stacktrace]
#0 D:\\laravel\\School Managment System\\vendor\\laravel\\framework\\src\\Illuminate\\Database\\Connection.php(571): PDOStatement->execute()
#1 D:\\laravel\\School Managment System\\vendor\\laravel\\framework\\src\\Illuminate\\Database\\Connection.php(812): Illuminate\\Database\\Connection->Illuminate\\Database\\{closure}()
#2 D:\\laravel\\School Managment System\\vendor\\laravel\\framework\\src\\Illuminate\\Database\\Connection.php(779): Illuminate\\Database\\Connection->runQueryCallback()
#3 D:\\laravel\\School Managment System\\vendor\\laravel\\framework\\src\\Illuminate\\Database\\Connection.php(560): Illuminate\\Database\\Connection->run()
#4 D:\\laravel\\School Managment System\\vendor\\laravel\\framework\\src\\Illuminate\\Database\\Schema\\Blueprint.php(118): Illuminate\\Database\\Connection->statement()
#5 D:\\laravel\\School Managment System\\vendor\\laravel\\framework\\src\\Illuminate\\Database\\Schema\\Builder.php(564): Illuminate\\Database\\Schema\\Blueprint->build()
#6 D:\\laravel\\School Managment System\\vendor\\laravel\\framework\\src\\Illuminate\\Database\\Schema\\Builder.php(418): Illuminate\\Database\\Schema\\Builder->build()
#7 D:\\laravel\\School Managment System\\vendor\\laravel\\framework\\src\\Illuminate\\Support\\Facades\\Facade.php(361): Illuminate\\Database\\Schema\\Builder->create()
#8 D:\\laravel\\School Managment System\\database\\migrations\\2026_04_24_173746_create_login_histories_table.php(11): Illuminate\\Support\\Facades\\Facade::__callStatic()
#9 D:\\laravel\\School Managment System\\vendor\\laravel\\framework\\src\\Illuminate\\Database\\Migrations\\Migrator.php(507): Illuminate\\Database\\Migrations\\Migration@anonymous->up()
#10 D:\\laravel\\School Managment System\\vendor\\laravel\\framework\\src\\Illuminate\\Database\\Migrations\\Migrator.php(432): Illuminate\\Database\\Migrations\\Migrator->runMethod()
#11 D:\\laravel\\School Managment System\\vendor\\laravel\\framework\\src\\Illuminate\\Database\\Migrations\\Migrator.php(441): Illuminate\\Database\\Migrations\\Migrator->Illuminate\\Database\\Migrations\\{closure}()
#12 D:\\laravel\\School Managment System\\vendor\\laravel\\framework\\src\\Illuminate\\Database\\Migrations\\Migrator.php(244): Illuminate\\Database\\Migrations\\Migrator->runMigration()
#13 D:\\laravel\\School Managment System\\vendor\\laravel\\framework\\src\\Illuminate\\Console\\View\\Components\\Task.php(40): Illuminate\\Database\\Migrations\\Migrator->Illuminate\\Database\\Migrations\\{closure}()
#14 D:\\laravel\\School Managment System\\vendor\\laravel\\framework\\src\\Illuminate\\Database\\Migrations\\Migrator.php(798): Illuminate\\Console\\View\\Components\\Task->render()
#15 D:\\laravel\\School Managment System\\vendor\\laravel\\framework\\src\\Illuminate\\Database\\Migrations\\Migrator.php(244): Illuminate\\Database\\Migrations\\Migrator->write()
#16 D:\\laravel\\School Managment System\\vendor\\laravel\\framework\\src\\Illuminate\\Database\\Migrations\\Migrator.php(211): Illuminate\\Database\\Migrations\\Migrator->runUp()
#17 D:\\laravel\\School Managment System\\vendor\\laravel\\framework\\src\\Illuminate\\Database\\Migrations\\Migrator.php(138): Illuminate\\Database\\Migrations\\Migrator->runPending()
#18 D:\\laravel\\School Managment System\\vendor\\laravel\\framework\\src\\Illuminate\\Database\\Console\\Migrations\\MigrateCommand.php(117): Illuminate\\Database\\Migrations\\Migrator->run()
#19 D:\\laravel\\School Managment System\\vendor\\laravel\\framework\\src\\Illuminate\\Database\\Migrations\\Migrator.php(658): Illuminate\\Database\\Console\\Migrations\\MigrateCommand->Illuminate\\Database\\Console\\Migrations\\{closure}()
#20 D:\\laravel\\School Managment System\\vendor\\laravel\\framework\\src\\Illuminate\\Database\\Console\\Migrations\\MigrateCommand.php(110): Illuminate\\Database\\Migrations\\Migrator->usingConnection()
#21 D:\\laravel\\School Managment System\\vendor\\laravel\\framework\\src\\Illuminate\\Database\\Console\\Migrations\\MigrateCommand.php(89): Illuminate\\Database\\Console\\Migrations\\MigrateCommand->runMigrations()
#22 D:\\laravel\\School Managment System\\vendor\\laravel\\framework\\src\\Illuminate\\Container\\BoundMethod.php(36): Illuminate\\Database\\Console\\Migrations\\MigrateCommand->handle()
#23 D:\\laravel\\School Managment System\\vendor\\laravel\\framework\\src\\Illuminate\\Container\\Util.php(43): Illuminate\\Container\\BoundMethod::Illuminate\\Container\\{closure}()
#24 D:\\laravel\\School Managment System\\vendor\\laravel\\framework\\src\\Illuminate\\Container\\BoundMethod.php(95): Illuminate\\Container\\Util::unwrapIfClosure()
#25 D:\\laravel\\School Managment System\\vendor\\laravel\\framework\\src\\Illuminate\\Container\\BoundMethod.php(35): Illuminate\\Container\\BoundMethod::callBoundMethod()
#26 D:\\laravel\\School Managment System\\vendor\\laravel\\framework\\src\\Illuminate\\Container\\Container.php(696): Illuminate\\Container\\BoundMethod::call()
#27 D:\\laravel\\School Managment System\\vendor\\laravel\\framework\\src\\Illuminate\\Console\\Command.php(213): Illuminate\\Container\\Container->call()
#28 D:\\laravel\\School Managment System\\vendor\\symfony\\console\\Command\\Command.php(318): Illuminate\\Console\\Command->execute()
#29 D:\\laravel\\School Managment System\\vendor\\laravel\\framework\\src\\Illuminate\\Console\\Command.php(182): Symfony\\Component\\Console\\Command\\Command->run()
#30 D:\\laravel\\School Managment System\\vendor\\symfony\\console\\Application.php(1073): Illuminate\\Console\\Command->run()
#31 D:\\laravel\\School Managment System\\vendor\\symfony\\console\\Application.php(356): Symfony\\Component\\Console\\Application->doRunCommand()
#32 D:\\laravel\\School Managment System\\vendor\\symfony\\console\\Application.php(195): Symfony\\Component\\Console\\Application->doRun()
#33 D:\\laravel\\School Managment System\\vendor\\laravel\\framework\\src\\Illuminate\\Foundation\\Console\\Kernel.php(198): Symfony\\Component\\Console\\Application->run()
#34 D:\\laravel\\School Managment System\\vendor\\laravel\\framework\\src\\Illuminate\\Foundation\\Application.php(1235): Illuminate\\Foundation\\Console\\Kernel->handle()
#35 D:\\laravel\\School Managment System\\artisan(13): Illuminate\\Foundation\\Application->handleCommand()
#36 {main}
"} 
[2026-04-25 09:15:17] local.ERROR: SQLSTATE[42S01]: Base table or view already exists: 1050 Table 'login_history' already exists (Connection: mysql, SQL: create table `login_history` (`id` bigint unsigned not null auto_increment primary key, `user_id` bigint unsigned not null, `ip_address` varchar(45) null, `user_agent` text null, `device_type` varchar(255) null, `status` varchar(255) not null, `location` varchar(255) null, `created_at` timestamp null, `updated_at` timestamp null) default character set utf8mb4 collate 'utf8mb4_unicode_ci') {"exception":"[object] (Illuminate\\Database\\QueryException(code: 42S01): SQLSTATE[42S01]: Base table or view already exists: 1050 Table 'login_history' already exists (Connection: mysql, SQL: create table `login_history` (`id` bigint unsigned not null auto_increment primary key, `user_id` bigint unsigned not null, `ip_address` varchar(45) null, `user_agent` text null, `device_type` varchar(255) null, `status` varchar(255) not null, `location` varchar(255) null, `created_at` timestamp null, `updated_at` timestamp null) default character set utf8mb4 collate 'utf8mb4_unicode_ci') at D:\\laravel\\School Managment System\\vendor\\laravel\\framework\\src\\Illuminate\\Database\\Connection.php:825)
[stacktrace]
#0 D:\\laravel\\School Managment System\\vendor\\laravel\\framework\\src\\Illuminate\\Database\\Connection.php(779): Illuminate\\Database\\Connection->runQueryCallback()
#1 D:\\laravel\\School Managment System\\vendor\\laravel\\framework\\src\\Illuminate\\Database\\Connection.php(560): Illuminate\\Database\\Connection->run()
#2 D:\\laravel\\School Managment System\\vendor\\laravel\\framework\\src\\Illuminate\\Database\\Schema\\Blueprint.php(118): Illuminate\\Database\\Connection->statement()
#3 D:\\laravel\\School Managment System\\vendor\\laravel\\framework\\src\\Illuminate\\Database\\Schema\\Builder.php(564): Illuminate\\Database\\Schema\\Blueprint->build()
#4 D:\\laravel\\School Managment System\\vendor\\laravel\\framework\\src\\Illuminate\\Database\\Schema\\Builder.php(418): Illuminate\\Database\\Schema\\Builder->build()
#5 D:\\laravel\\School Managment System\\vendor\\laravel\\framework\\src\\Illuminate\\Support\\Facades\\Facade.php(361): Illuminate\\Database\\Schema\\Builder->create()
#6 D:\\laravel\\School Managment System\\database\\migrations\\2026_04_24_173746_create_login_histories_table.php(11): Illuminate\\Support\\Facades\\Facade::__callStatic()
#7 D:\\laravel\\School Managment System\\vendor\\laravel\\framework\\src\\Illuminate\\Database\\Migrations\\Migrator.php(507): Illuminate\\Database\\Migrations\\Migration@anonymous->up()
#8 D:\\laravel\\School Managment System\\vendor\\laravel\\framework\\src\\Illuminate\\Database\\Migrations\\Migrator.php(432): Illuminate\\Database\\Migrations\\Migrator->runMethod()
#9 D:\\laravel\\School Managment System\\vendor\\laravel\\framework\\src\\Illuminate\\Database\\Migrations\\Migrator.php(441): Illuminate\\Database\\Migrations\\Migrator->Illuminate\\Database\\Migrations\\{closure}()
#10 D:\\laravel\\School Managment System\\vendor\\laravel\\framework\\src\\Illuminate\\Database\\Migrations\\Migrator.php(244): Illuminate\\Database\\Migrations\\Migrator->runMigration()
#11 D:\\laravel\\School Managment System\\vendor\\laravel\\framework\\src\\Illuminate\\Console\\View\\Components\\Task.php(40): Illuminate\\Database\\Migrations\\Migrator->Illuminate\\Database\\Migrations\\{closure}()
#12 D:\\laravel\\School Managment System\\vendor\\laravel\\framework\\src\\Illuminate\\Database\\Migrations\\Migrator.php(798): Illuminate\\Console\\View\\Components\\Task->render()
#13 D:\\laravel\\School Managment System\\vendor\\laravel\\framework\\src\\Illuminate\\Database\\Migrations\\Migrator.php(244): Illuminate\\Database\\Migrations\\Migrator->write()
#14 D:\\laravel\\School Managment System\\vendor\\laravel\\framework\\src\\Illuminate\\Database\\Migrations\\Migrator.php(211): Illuminate\\Database\\Migrations\\Migrator->runUp()
#15 D:\\laravel\\School Managment System\\vendor\\laravel\\framework\\src\\Illuminate\\Database\\Migrations\\Migrator.php(138): Illuminate\\Database\\Migrations\\Migrator->runPending()
#16 D:\\laravel\\School Managment System\\vendor\\laravel\\framework\\src\\Illuminate\\Database\\Console\\Migrations\\MigrateCommand.php(117): Illuminate\\Database\\Migrations\\Migrator->run()
#17 D:\\laravel\\School Managment System\\vendor\\laravel\\framework\\src\\Illuminate\\Database\\Migrations\\Migrator.php(658): Illuminate\\Database\\Console\\Migrations\\MigrateCommand->Illuminate\\Database\\Console\\Migrations\\{closure}()
#18 D:\\laravel\\School Managment System\\vendor\\laravel\\framework\\src\\Illuminate\\Database\\Console\\Migrations\\MigrateCommand.php(110): Illuminate\\Database\\Migrations\\Migrator->usingConnection()
#19 D:\\laravel\\School Managment System\\vendor\\laravel\\framework\\src\\Illuminate\\Database\\Console\\Migrations\\MigrateCommand.php(89): Illuminate\\Database\\Console\\Migrations\\MigrateCommand->runMigrations()
#20 D:\\laravel\\School Managment System\\vendor\\laravel\\framework\\src\\Illuminate\\Container\\BoundMethod.php(36): Illuminate\\Database\\Console\\Migrations\\MigrateCommand->handle()
#21 D:\\laravel\\School Managment System\\vendor\\laravel\\framework\\src\\Illuminate\\Container\\Util.php(43): Illuminate\\Container\\BoundMethod::Illuminate\\Container\\{closure}()
#22 D:\\laravel\\School Managment System\\vendor\\laravel\\framework\\src\\Illuminate\\Container\\BoundMethod.php(95): Illuminate\\Container\\Util::unwrapIfClosure()
#23 D:\\laravel\\School Managment System\\vendor\\laravel\\framework\\src\\Illuminate\\Container\\BoundMethod.php(35): Illuminate\\Container\\BoundMethod::callBoundMethod()
#24 D:\\laravel\\School Managment System\\vendor\\laravel\\framework\\src\\Illuminate\\Container\\Container.php(696): Illuminate\\Container\\BoundMethod::call()
#25 D:\\laravel\\School Managment System\\vendor\\laravel\\framework\\src\\Illuminate\\Console\\Command.php(213): Illuminate\\Container\\Container->call()
#26 D:\\laravel\\School Managment System\\vendor\\symfony\\console\\Command\\Command.php(318): Illuminate\\Console\\Command->execute()
#27 D:\\laravel\\School Managment System\\vendor\\laravel\\framework\\src\\Illuminate\\Console\\Command.php(182): Symfony\\Component\\Console\\Command\\Command->run()
#28 D:\\laravel\\School Managment System\\vendor\\symfony\\console\\Application.php(1073): Illuminate\\Console\\Command->run()
#29 D:\\laravel\\School Managment System\\vendor\\symfony\\console\\Application.php(356): Symfony\\Component\\Console\\Application->doRunCommand()
#30 D:\\laravel\\School Managment System\\vendor\\symfony\\console\\Application.php(195): Symfony\\Component\\Console\\Application->doRun()
#31 D:\\laravel\\School Managment System\\vendor\\laravel\\framework\\src\\Illuminate\\Foundation\\Console\\Kernel.php(198): Symfony\\Component\\Console\\Application->run()
#32 D:\\laravel\\School Managment System\\vendor\\laravel\\framework\\src\\Illuminate\\Foundation\\Application.php(1235): Illuminate\\Foundation\\Console\\Kernel->handle()
#33 D:\\laravel\\School Managment System\\artisan(13): Illuminate\\Foundation\\Application->handleCommand()
#34 {main}

[previous exception] [object] (PDOException(code: 42S01): SQLSTATE[42S01]: Base table or view already exists: 1050 Table 'login_history' already exists at D:\\laravel\\School Managment System\\vendor\\laravel\\framework\\src\\Illuminate\\Database\\Connection.php:571)
[stacktrace]
#0 D:\\laravel\\School Managment System\\vendor\\laravel\\framework\\src\\Illuminate\\Database\\Connection.php(571): PDOStatement->execute()
#1 D:\\laravel\\School Managment System\\vendor\\laravel\\framework\\src\\Illuminate\\Database\\Connection.php(812): Illuminate\\Database\\Connection->Illuminate\\Database\\{closure}()
#2 D:\\laravel\\School Managment System\\vendor\\laravel\\framework\\src\\Illuminate\\Database\\Connection.php(779): Illuminate\\Database\\Connection->runQueryCallback()
#3 D:\\laravel\\School Managment System\\vendor\\laravel\\framework\\src\\Illuminate\\Database\\Connection.php(560): Illuminate\\Database\\Connection->run()
#4 D:\\laravel\\School Managment System\\vendor\\laravel\\framework\\src\\Illuminate\\Database\\Schema\\Blueprint.php(118): Illuminate\\Database\\Connection->statement()
#5 D:\\laravel\\School Managment System\\vendor\\laravel\\framework\\src\\Illuminate\\Database\\Schema\\Builder.php(564): Illuminate\\Database\\Schema\\Blueprint->build()
#6 D:\\laravel\\School Managment System\\vendor\\laravel\\framework\\src\\Illuminate\\Database\\Schema\\Builder.php(418): Illuminate\\Database\\Schema\\Builder->build()
#7 D:\\laravel\\School Managment System\\vendor\\laravel\\framework\\src\\Illuminate\\Support\\Facades\\Facade.php(361): Illuminate\\Database\\Schema\\Builder->create()
#8 D:\\laravel\\School Managment System\\database\\migrations\\2026_04_24_173746_create_login_histories_table.php(11): Illuminate\\Support\\Facades\\Facade::__callStatic()
#9 D:\\laravel\\School Managment System\\vendor\\laravel\\framework\\src\\Illuminate\\Database\\Migrations\\Migrator.php(507): Illuminate\\Database\\Migrations\\Migration@anonymous->up()
#10 D:\\laravel\\School Managment System\\vendor\\laravel\\framework\\src\\Illuminate\\Database\\Migrations\\Migrator.php(432): Illuminate\\Database\\Migrations\\Migrator->runMethod()
#11 D:\\laravel\\School Managment System\\vendor\\laravel\\framework\\src\\Illuminate\\Database\\Migrations\\Migrator.php(441): Illuminate\\Database\\Migrations\\Migrator->Illuminate\\Database\\Migrations\\{closure}()
#12 D:\\laravel\\School Managment System\\vendor\\laravel\\framework\\src\\Illuminate\\Database\\Migrations\\Migrator.php(244): Illuminate\\Database\\Migrations\\Migrator->runMigration()
#13 D:\\laravel\\School Managment System\\vendor\\laravel\\framework\\src\\Illuminate\\Console\\View\\Components\\Task.php(40): Illuminate\\Database\\Migrations\\Migrator->Illuminate\\Database\\Migrations\\{closure}()
#14 D:\\laravel\\School Managment System\\vendor\\laravel\\framework\\src\\Illuminate\\Database\\Migrations\\Migrator.php(798): Illuminate\\Console\\View\\Components\\Task->render()
#15 D:\\laravel\\School Managment System\\vendor\\laravel\\framework\\src\\Illuminate\\Database\\Migrations\\Migrator.php(244): Illuminate\\Database\\Migrations\\Migrator->write()
#16 D:\\laravel\\School Managment System\\vendor\\laravel\\framework\\src\\Illuminate\\Database\\Migrations\\Migrator.php(211): Illuminate\\Database\\Migrations\\Migrator->runUp()
#17 D:\\laravel\\School Managment System\\vendor\\laravel\\framework\\src\\Illuminate\\Database\\Migrations\\Migrator.php(138): Illuminate\\Database\\Migrations\\Migrator->runPending()
#18 D:\\laravel\\School Managment System\\vendor\\laravel\\framework\\src\\Illuminate\\Database\\Console\\Migrations\\MigrateCommand.php(117): Illuminate\\Database\\Migrations\\Migrator->run()
#19 D:\\laravel\\School Managment System\\vendor\\laravel\\framework\\src\\Illuminate\\Database\\Migrations\\Migrator.php(658): Illuminate\\Database\\Console\\Migrations\\MigrateCommand->Illuminate\\Database\\Console\\Migrations\\{closure}()
#20 D:\\laravel\\School Managment System\\vendor\\laravel\\framework\\src\\Illuminate\\Database\\Console\\Migrations\\MigrateCommand.php(110): Illuminate\\Database\\Migrations\\Migrator->usingConnection()
#21 D:\\laravel\\School Managment System\\vendor\\laravel\\framework\\src\\Illuminate\\Database\\Console\\Migrations\\MigrateCommand.php(89): Illuminate\\Database\\Console\\Migrations\\MigrateCommand->runMigrations()
#22 D:\\laravel\\School Managment System\\vendor\\laravel\\framework\\src\\Illuminate\\Container\\BoundMethod.php(36): Illuminate\\Database\\Console\\Migrations\\MigrateCommand->handle()
#23 D:\\laravel\\School Managment System\\vendor\\laravel\\framework\\src\\Illuminate\\Container\\Util.php(43): Illuminate\\Container\\BoundMethod::Illuminate\\Container\\{closure}()
#24 D:\\laravel\\School Managment System\\vendor\\laravel\\framework\\src\\Illuminate\\Container\\BoundMethod.php(95): Illuminate\\Container\\Util::unwrapIfClosure()
#25 D:\\laravel\\School Managment System\\vendor\\laravel\\framework\\src\\Illuminate\\Container\\BoundMethod.php(35): Illuminate\\Container\\BoundMethod::callBoundMethod()
#26 D:\\laravel\\School Managment System\\vendor\\laravel\\framework\\src\\Illuminate\\Container\\Container.php(696): Illuminate\\Container\\BoundMethod::call()
#27 D:\\laravel\\School Managment System\\vendor\\laravel\\framework\\src\\Illuminate\\Console\\Command.php(213): Illuminate\\Container\\Container->call()
#28 D:\\laravel\\School Managment System\\vendor\\symfony\\console\\Command\\Command.php(318): Illuminate\\Console\\Command->execute()
#29 D:\\laravel\\School Managment System\\vendor\\laravel\\framework\\src\\Illuminate\\Console\\Command.php(182): Symfony\\Component\\Console\\Command\\Command->run()
#30 D:\\laravel\\School Managment System\\vendor\\symfony\\console\\Application.php(1073): Illuminate\\Console\\Command->run()
#31 D:\\laravel\\School Managment System\\vendor\\symfony\\console\\Application.php(356): Symfony\\Component\\Console\\Application->doRunCommand()
#32 D:\\laravel\\School Managment System\\vendor\\symfony\\console\\Application.php(195): Symfony\\Component\\Console\\Application->doRun()
#33 D:\\laravel\\School Managment System\\vendor\\laravel\\framework\\src\\Illuminate\\Foundation\\Console\\Kernel.php(198): Symfony\\Component\\Console\\Application->run()
#34 D:\\laravel\\School Managment System\\vendor\\laravel\\framework\\src\\Illuminate\\Foundation\\Application.php(1235): Illuminate\\Foundation\\Console\\Kernel->handle()
#35 D:\\laravel\\School Managment System\\artisan(13): Illuminate\\Foundation\\Application->handleCommand()
#36 {main}
"} 
[2026-04-25 09:15:33] local.ERROR: SQLSTATE[42S01]: Base table or view already exists: 1050 Table 'login_history' already exists (Connection: mysql, SQL: create table `login_history` (`id` bigint unsigned not null auto_increment primary key, `user_id` bigint unsigned not null, `ip_address` varchar(45) null, `user_agent` text null, `device_type` varchar(255) null, `status` varchar(255) not null, `location` varchar(255) null, `created_at` timestamp null, `updated_at` timestamp null) default character set utf8mb4 collate 'utf8mb4_unicode_ci') {"exception":"[object] (Illuminate\\Database\\QueryException(code: 42S01): SQLSTATE[42S01]: Base table or view already exists: 1050 Table 'login_history' already exists (Connection: mysql, SQL: create table `login_history` (`id` bigint unsigned not null auto_increment primary key, `user_id` bigint unsigned not null, `ip_address` varchar(45) null, `user_agent` text null, `device_type` varchar(255) null, `status` varchar(255) not null, `location` varchar(255) null, `created_at` timestamp null, `updated_at` timestamp null) default character set utf8mb4 collate 'utf8mb4_unicode_ci') at D:\\laravel\\School Managment System\\vendor\\laravel\\framework\\src\\Illuminate\\Database\\Connection.php:825)
[stacktrace]
#0 D:\\laravel\\School Managment System\\vendor\\laravel\\framework\\src\\Illuminate\\Database\\Connection.php(779): Illuminate\\Database\\Connection->runQueryCallback()
#1 D:\\laravel\\School Managment System\\vendor\\laravel\\framework\\src\\Illuminate\\Database\\Connection.php(560): Illuminate\\Database\\Connection->run()
#2 D:\\laravel\\School Managment System\\vendor\\laravel\\framework\\src\\Illuminate\\Database\\Schema\\Blueprint.php(118): Illuminate\\Database\\Connection->statement()
#3 D:\\laravel\\School Managment System\\vendor\\laravel\\framework\\src\\Illuminate\\Database\\Schema\\Builder.php(564): Illuminate\\Database\\Schema\\Blueprint->build()
#4 D:\\laravel\\School Managment System\\vendor\\laravel\\framework\\src\\Illuminate\\Database\\Schema\\Builder.php(418): Illuminate\\Database\\Schema\\Builder->build()
#5 D:\\laravel\\School Managment System\\vendor\\laravel\\framework\\src\\Illuminate\\Support\\Facades\\Facade.php(361): Illuminate\\Database\\Schema\\Builder->create()
#6 D:\\laravel\\School Managment System\\database\\migrations\\2026_04_24_173746_create_login_histories_table.php(11): Illuminate\\Support\\Facades\\Facade::__callStatic()
#7 D:\\laravel\\School Managment System\\vendor\\laravel\\framework\\src\\Illuminate\\Database\\Migrations\\Migrator.php(507): Illuminate\\Database\\Migrations\\Migration@anonymous->up()
#8 D:\\laravel\\School Managment System\\vendor\\laravel\\framework\\src\\Illuminate\\Database\\Migrations\\Migrator.php(432): Illuminate\\Database\\Migrations\\Migrator->runMethod()
#9 D:\\laravel\\School Managment System\\vendor\\laravel\\framework\\src\\Illuminate\\Database\\Migrations\\Migrator.php(441): Illuminate\\Database\\Migrations\\Migrator->Illuminate\\Database\\Migrations\\{closure}()
#10 D:\\laravel\\School Managment System\\vendor\\laravel\\framework\\src\\Illuminate\\Database\\Migrations\\Migrator.php(244): Illuminate\\Database\\Migrations\\Migrator->runMigration()
#11 D:\\laravel\\School Managment System\\vendor\\laravel\\framework\\src\\Illuminate\\Console\\View\\Components\\Task.php(40): Illuminate\\Database\\Migrations\\Migrator->Illuminate\\Database\\Migrations\\{closure}()
#12 D:\\laravel\\School Managment System\\vendor\\laravel\\framework\\src\\Illuminate\\Database\\Migrations\\Migrator.php(798): Illuminate\\Console\\View\\Components\\Task->render()
#13 D:\\laravel\\School Managment System\\vendor\\laravel\\framework\\src\\Illuminate\\Database\\Migrations\\Migrator.php(244): Illuminate\\Database\\Migrations\\Migrator->write()
#14 D:\\laravel\\School Managment System\\vendor\\laravel\\framework\\src\\Illuminate\\Database\\Migrations\\Migrator.php(211): Illuminate\\Database\\Migrations\\Migrator->runUp()
#15 D:\\laravel\\School Managment System\\vendor\\laravel\\framework\\src\\Illuminate\\Database\\Migrations\\Migrator.php(138): Illuminate\\Database\\Migrations\\Migrator->runPending()
#16 D:\\laravel\\School Managment System\\vendor\\laravel\\framework\\src\\Illuminate\\Database\\Console\\Migrations\\MigrateCommand.php(117): Illuminate\\Database\\Migrations\\Migrator->run()
#17 D:\\laravel\\School Managment System\\vendor\\laravel\\framework\\src\\Illuminate\\Database\\Migrations\\Migrator.php(658): Illuminate\\Database\\Console\\Migrations\\MigrateCommand->Illuminate\\Database\\Console\\Migrations\\{closure}()
#18 D:\\laravel\\School Managment System\\vendor\\laravel\\framework\\src\\Illuminate\\Database\\Console\\Migrations\\MigrateCommand.php(110): Illuminate\\Database\\Migrations\\Migrator->usingConnection()
#19 D:\\laravel\\School Managment System\\vendor\\laravel\\framework\\src\\Illuminate\\Database\\Console\\Migrations\\MigrateCommand.php(89): Illuminate\\Database\\Console\\Migrations\\MigrateCommand->runMigrations()
#20 D:\\laravel\\School Managment System\\vendor\\laravel\\framework\\src\\Illuminate\\Container\\BoundMethod.php(36): Illuminate\\Database\\Console\\Migrations\\MigrateCommand->handle()
#21 D:\\laravel\\School Managment System\\vendor\\laravel\\framework\\src\\Illuminate\\Container\\Util.php(43): Illuminate\\Container\\BoundMethod::Illuminate\\Container\\{closure}()
#22 D:\\laravel\\School Managment System\\vendor\\laravel\\framework\\src\\Illuminate\\Container\\BoundMethod.php(95): Illuminate\\Container\\Util::unwrapIfClosure()
#23 D:\\laravel\\School Managment System\\vendor\\laravel\\framework\\src\\Illuminate\\Container\\BoundMethod.php(35): Illuminate\\Container\\BoundMethod::callBoundMethod()
#24 D:\\laravel\\School Managment System\\vendor\\laravel\\framework\\src\\Illuminate\\Container\\Container.php(696): Illuminate\\Container\\BoundMethod::call()
#25 D:\\laravel\\School Managment System\\vendor\\laravel\\framework\\src\\Illuminate\\Console\\Command.php(213): Illuminate\\Container\\Container->call()
#26 D:\\laravel\\School Managment System\\vendor\\symfony\\console\\Command\\Command.php(318): Illuminate\\Console\\Command->execute()
#27 D:\\laravel\\School Managment System\\vendor\\laravel\\framework\\src\\Illuminate\\Console\\Command.php(182): Symfony\\Component\\Console\\Command\\Command->run()
#28 D:\\laravel\\School Managment System\\vendor\\symfony\\console\\Application.php(1073): Illuminate\\Console\\Command->run()
#29 D:\\laravel\\School Managment System\\vendor\\symfony\\console\\Application.php(356): Symfony\\Component\\Console\\Application->doRunCommand()
#30 D:\\laravel\\School Managment System\\vendor\\symfony\\console\\Application.php(195): Symfony\\Component\\Console\\Application->doRun()
#31 D:\\laravel\\School Managment System\\vendor\\laravel\\framework\\src\\Illuminate\\Foundation\\Console\\Kernel.php(198): Symfony\\Component\\Console\\Application->run()
#32 D:\\laravel\\School Managment System\\vendor\\laravel\\framework\\src\\Illuminate\\Foundation\\Application.php(1235): Illuminate\\Foundation\\Console\\Kernel->handle()
#33 D:\\laravel\\School Managment System\\artisan(13): Illuminate\\Foundation\\Application->handleCommand()
#34 {main}

[previous exception] [object] (PDOException(code: 42S01): SQLSTATE[42S01]: Base table or view already exists: 1050 Table 'login_history' already exists at D:\\laravel\\School Managment System\\vendor\\laravel\\framework\\src\\Illuminate\\Database\\Connection.php:571)
[stacktrace]
#0 D:\\laravel\\School Managment System\\vendor\\laravel\\framework\\src\\Illuminate\\Database\\Connection.php(571): PDOStatement->execute()
#1 D:\\laravel\\School Managment System\\vendor\\laravel\\framework\\src\\Illuminate\\Database\\Connection.php(812): Illuminate\\Database\\Connection->Illuminate\\Database\\{closure}()
#2 D:\\laravel\\School Managment System\\vendor\\laravel\\framework\\src\\Illuminate\\Database\\Connection.php(779): Illuminate\\Database\\Connection->runQueryCallback()
#3 D:\\laravel\\School Managment System\\vendor\\laravel\\framework\\src\\Illuminate\\Database\\Connection.php(560): Illuminate\\Database\\Connection->run()
#4 D:\\laravel\\School Managment System\\vendor\\laravel\\framework\\src\\Illuminate\\Database\\Schema\\Blueprint.php(118): Illuminate\\Database\\Connection->statement()
#5 D:\\laravel\\School Managment System\\vendor\\laravel\\framework\\src\\Illuminate\\Database\\Schema\\Builder.php(564): Illuminate\\Database\\Schema\\Blueprint->build()
#6 D:\\laravel\\School Managment System\\vendor\\laravel\\framework\\src\\Illuminate\\Database\\Schema\\Builder.php(418): Illuminate\\Database\\Schema\\Builder->build()
#7 D:\\laravel\\School Managment System\\vendor\\laravel\\framework\\src\\Illuminate\\Support\\Facades\\Facade.php(361): Illuminate\\Database\\Schema\\Builder->create()
#8 D:\\laravel\\School Managment System\\database\\migrations\\2026_04_24_173746_create_login_histories_table.php(11): Illuminate\\Support\\Facades\\Facade::__callStatic()
#9 D:\\laravel\\School Managment System\\vendor\\laravel\\framework\\src\\Illuminate\\Database\\Migrations\\Migrator.php(507): Illuminate\\Database\\Migrations\\Migration@anonymous->up()
#10 D:\\laravel\\School Managment System\\vendor\\laravel\\framework\\src\\Illuminate\\Database\\Migrations\\Migrator.php(432): Illuminate\\Database\\Migrations\\Migrator->runMethod()
#11 D:\\laravel\\School Managment System\\vendor\\laravel\\framework\\src\\Illuminate\\Database\\Migrations\\Migrator.php(441): Illuminate\\Database\\Migrations\\Migrator->Illuminate\\Database\\Migrations\\{closure}()
#12 D:\\laravel\\School Managment System\\vendor\\laravel\\framework\\src\\Illuminate\\Database\\Migrations\\Migrator.php(244): Illuminate\\Database\\Migrations\\Migrator->runMigration()
#13 D:\\laravel\\School Managment System\\vendor\\laravel\\framework\\src\\Illuminate\\Console\\View\\Components\\Task.php(40): Illuminate\\Database\\Migrations\\Migrator->Illuminate\\Database\\Migrations\\{closure}()
#14 D:\\laravel\\School Managment System\\vendor\\laravel\\framework\\src\\Illuminate\\Database\\Migrations\\Migrator.php(798): Illuminate\\Console\\View\\Components\\Task->render()
#15 D:\\laravel\\School Managment System\\vendor\\laravel\\framework\\src\\Illuminate\\Database\\Migrations\\Migrator.php(244): Illuminate\\Database\\Migrations\\Migrator->write()
#16 D:\\laravel\\School Managment System\\vendor\\laravel\\framework\\src\\Illuminate\\Database\\Migrations\\Migrator.php(211): Illuminate\\Database\\Migrations\\Migrator->runUp()
#17 D:\\laravel\\School Managment System\\vendor\\laravel\\framework\\src\\Illuminate\\Database\\Migrations\\Migrator.php(138): Illuminate\\Database\\Migrations\\Migrator->runPending()
#18 D:\\laravel\\School Managment System\\vendor\\laravel\\framework\\src\\Illuminate\\Database\\Console\\Migrations\\MigrateCommand.php(117): Illuminate\\Database\\Migrations\\Migrator->run()
#19 D:\\laravel\\School Managment System\\vendor\\laravel\\framework\\src\\Illuminate\\Database\\Migrations\\Migrator.php(658): Illuminate\\Database\\Console\\Migrations\\MigrateCommand->Illuminate\\Database\\Console\\Migrations\\{closure}()
#20 D:\\laravel\\School Managment System\\vendor\\laravel\\framework\\src\\Illuminate\\Database\\Console\\Migrations\\MigrateCommand.php(110): Illuminate\\Database\\Migrations\\Migrator->usingConnection()
#21 D:\\laravel\\School Managment System\\vendor\\laravel\\framework\\src\\Illuminate\\Database\\Console\\Migrations\\MigrateCommand.php(89): Illuminate\\Database\\Console\\Migrations\\MigrateCommand->runMigrations()
#22 D:\\laravel\\School Managment System\\vendor\\laravel\\framework\\src\\Illuminate\\Container\\BoundMethod.php(36): Illuminate\\Database\\Console\\Migrations\\MigrateCommand->handle()
#23 D:\\laravel\\School Managment System\\vendor\\laravel\\framework\\src\\Illuminate\\Container\\Util.php(43): Illuminate\\Container\\BoundMethod::Illuminate\\Container\\{closure}()
#24 D:\\laravel\\School Managment System\\vendor\\laravel\\framework\\src\\Illuminate\\Container\\BoundMethod.php(95): Illuminate\\Container\\Util::unwrapIfClosure()
#25 D:\\laravel\\School Managment System\\vendor\\laravel\\framework\\src\\Illuminate\\Container\\BoundMethod.php(35): Illuminate\\Container\\BoundMethod::callBoundMethod()
#26 D:\\laravel\\School Managment System\\vendor\\laravel\\framework\\src\\Illuminate\\Container\\Container.php(696): Illuminate\\Container\\BoundMethod::call()
#27 D:\\laravel\\School Managment System\\vendor\\laravel\\framework\\src\\Illuminate\\Console\\Command.php(213): Illuminate\\Container\\Container->call()
#28 D:\\laravel\\School Managment System\\vendor\\symfony\\console\\Command\\Command.php(318): Illuminate\\Console\\Command->execute()
#29 D:\\laravel\\School Managment System\\vendor\\laravel\\framework\\src\\Illuminate\\Console\\Command.php(182): Symfony\\Component\\Console\\Command\\Command->run()
#30 D:\\laravel\\School Managment System\\vendor\\symfony\\console\\Application.php(1073): Illuminate\\Console\\Command->run()
#31 D:\\laravel\\School Managment System\\vendor\\symfony\\console\\Application.php(356): Symfony\\Component\\Console\\Application->doRunCommand()
#32 D:\\laravel\\School Managment System\\vendor\\symfony\\console\\Application.php(195): Symfony\\Component\\Console\\Application->doRun()
#33 D:\\laravel\\School Managment System\\vendor\\laravel\\framework\\src\\Illuminate\\Foundation\\Console\\Kernel.php(198): Symfony\\Component\\Console\\Application->run()
#34 D:\\laravel\\School Managment System\\vendor\\laravel\\framework\\src\\Illuminate\\Foundation\\Application.php(1235): Illuminate\\Foundation\\Console\\Kernel->handle()
#35 D:\\laravel\\School Managment System\\artisan(13): Illuminate\\Foundation\\Application->handleCommand()
#36 {main}
"} 
[2026-04-25 09:25:51] local.DEBUG: From: Laravel <hello@example.com>
To: pending.student35@school.com
Subject: =?utf-8?Q?=D8=A8=D8=AE=D8=B5=D9=88=D8=B5_=D8=B7=D9=84?=
 =?utf-8?Q?=D8=A8_=D8=A7=D9=84=D8=AA=D8=B3=D8=AC=D9=8A=D9=84?= -
 =?utf-8?Q?=D9=86=D8=B8=D8=A7=D9=85_=D8=A5=D8=AF=D8=A7?=
 =?utf-8?Q?=D8=B1=D8=A9_=D8=A7=D9=84=D9=85=D8=AF=D8=B1=D8=B3=D8=A9?=
MIME-Version: 1.0
Date: Sat, 25 Apr 2026 09:25:51 +0000
Message-ID: <9334be3a74a4a145537631145608ff51@example.com>
Content-Type: text/plain; charset=utf-8
Content-Transfer-Encoding: quoted-printable

مرحباً Maxine Schuster!

نأسف لإعلامك بأنه تم رفض طلب تسجيلك في نظام إدارة المدرسة.

سبب الرفض: لم يتم تحديد سبب

يمكنك التواصل مع الإدارة لمزيد من المعلومات.

--
إدارة المدرسة  
[2026-04-25 09:30:16] local.DEBUG: From: Laravel <hello@example.com>
To: pending.student34@school.com
Subject: =?utf-8?Q?=D8=A8=D8=AE=D8=B5=D9=88=D8=B5_=D8=B7=D9=84?=
 =?utf-8?Q?=D8=A8_=D8=A7=D9=84=D8=AA=D8=B3=D8=AC=D9=8A=D9=84?= -
 =?utf-8?Q?=D9=86=D8=B8=D8=A7=D9=85_=D8=A5=D8=AF=D8=A7?=
 =?utf-8?Q?=D8=B1=D8=A9_=D8=A7=D9=84=D9=85=D8=AF=D8=B1=D8=B3=D8=A9?=
MIME-Version: 1.0
Date: Sat, 25 Apr 2026 09:30:16 +0000
Message-ID: <e69637be4545f7a4871ed399663ca2e2@example.com>
Content-Type: text/plain; charset=utf-8
Content-Transfer-Encoding: quoted-printable

مرحباً Andrew Schultz!

نأسف لإعلامك بأنه تم رفض طلب تسجيلك في نظام إدارة المدرسة.

سبب الرفض: لم يتم تحديد سبب

يمكنك التواصل مع الإدارة لمزيد من المعلومات.

--
إدارة المدرسة  
[2026-04-25 09:38:09] local.ERROR: SQLSTATE[23000]: Integrity constraint violation: 1452 Cannot add or update a child row: a foreign key constraint fails (`school_management_system`.`login_history`, CONSTRAINT `login_history_user_id_foreign` FOREIGN KEY (`user_id`) REFERENCES `users` (`id`) ON DELETE CASCADE) (Connection: mysql, SQL: insert into `login_history` (`user_id`, `ip_address`, `user_agent`, `device_type`, `status`, `updated_at`, `created_at`) values (0, 127.0.0.1, PostmanRuntime/7.42.0, web, failed, 2026-04-25 09:38:09, 2026-04-25 09:38:09)) {"exception":"[object] (Illuminate\\Database\\QueryException(code: 23000): SQLSTATE[23000]: Integrity constraint violation: 1452 Cannot add or update a child row: a foreign key constraint fails (`school_management_system`.`login_history`, CONSTRAINT `login_history_user_id_foreign` FOREIGN KEY (`user_id`) REFERENCES `users` (`id`) ON DELETE CASCADE) (Connection: mysql, SQL: insert into `login_history` (`user_id`, `ip_address`, `user_agent`, `device_type`, `status`, `updated_at`, `created_at`) values (0, 127.0.0.1, PostmanRuntime/7.42.0, web, failed, 2026-04-25 09:38:09, 2026-04-25 09:38:09)) at D:\\laravel\\School Managment System\\vendor\\laravel\\framework\\src\\Illuminate\\Database\\Connection.php:825)
[stacktrace]
#0 D:\\laravel\\School Managment System\\vendor\\laravel\\framework\\src\\Illuminate\\Database\\Connection.php(779): Illuminate\\Database\\Connection->runQueryCallback()
#1 D:\\laravel\\School Managment System\\vendor\\laravel\\framework\\src\\Illuminate\\Database\\MySqlConnection.php(42): Illuminate\\Database\\Connection->run()
#2 D:\\laravel\\School Managment System\\vendor\\laravel\\framework\\src\\Illuminate\\Database\\Query\\Processors\\MySqlProcessor.php(35): Illuminate\\Database\\MySqlConnection->insert()
#3 D:\\laravel\\School Managment System\\vendor\\laravel\\framework\\src\\Illuminate\\Database\\Query\\Builder.php(3766): Illuminate\\Database\\Query\\Processors\\MySqlProcessor->processInsertGetId()
#4 D:\\laravel\\School Managment System\\vendor\\laravel\\framework\\src\\Illuminate\\Database\\Eloquent\\Builder.php(2120): Illuminate\\Database\\Query\\Builder->insertGetId()
#5 D:\\laravel\\School Managment System\\vendor\\laravel\\framework\\src\\Illuminate\\Database\\Eloquent\\Model.php(1359): Illuminate\\Database\\Eloquent\\Builder->__call()
#6 D:\\laravel\\School Managment System\\vendor\\laravel\\framework\\src\\Illuminate\\Database\\Eloquent\\Model.php(1324): Illuminate\\Database\\Eloquent\\Model->insertAndSetId()
#7 D:\\laravel\\School Managment System\\vendor\\laravel\\framework\\src\\Illuminate\\Database\\Eloquent\\Model.php(1163): Illuminate\\Database\\Eloquent\\Model->performInsert()
#8 D:\\laravel\\School Managment System\\vendor\\laravel\\framework\\src\\Illuminate\\Database\\Eloquent\\Builder.php(1128): Illuminate\\Database\\Eloquent\\Model->save()
#9 D:\\laravel\\School Managment System\\vendor\\laravel\\framework\\src\\Illuminate\\Support\\helpers.php(399): Illuminate\\Database\\Eloquent\\Builder->Illuminate\\Database\\Eloquent\\{closure}()
#10 D:\\laravel\\School Managment System\\vendor\\laravel\\framework\\src\\Illuminate\\Database\\Eloquent\\Builder.php(1127): tap()
#11 D:\\laravel\\School Managment System\\vendor\\laravel\\framework\\src\\Illuminate\\Support\\Traits\\ForwardsCalls.php(23): Illuminate\\Database\\Eloquent\\Builder->create()
#12 D:\\laravel\\School Managment System\\vendor\\laravel\\framework\\src\\Illuminate\\Database\\Eloquent\\Model.php(2372): Illuminate\\Database\\Eloquent\\Model->forwardCallTo()
#13 D:\\laravel\\School Managment System\\vendor\\laravel\\framework\\src\\Illuminate\\Database\\Eloquent\\Model.php(2384): Illuminate\\Database\\Eloquent\\Model->__call()
#14 D:\\laravel\\School Managment System\\app\\Services\\AuthService.php(24): Illuminate\\Database\\Eloquent\\Model::__callStatic()
#15 D:\\laravel\\School Managment System\\app\\Http\\Controllers\\AuthController.php(52): App\\Services\\AuthService->login()
#16 D:\\laravel\\School Managment System\\vendor\\laravel\\framework\\src\\Illuminate\\Routing\\ControllerDispatcher.php(47): App\\Http\\Controllers\\AuthController->login()
#17 D:\\laravel\\School Managment System\\vendor\\laravel\\framework\\src\\Illuminate\\Routing\\Route.php(266): Illuminate\\Routing\\ControllerDispatcher->dispatch()
#18 D:\\laravel\\School Managment System\\vendor\\laravel\\framework\\src\\Illuminate\\Routing\\Route.php(212): Illuminate\\Routing\\Route->runController()
#19 D:\\laravel\\School Managment System\\vendor\\laravel\\framework\\src\\Illuminate\\Routing\\Router.php(808): Illuminate\\Routing\\Route->run()
#20 D:\\laravel\\School Managment System\\vendor\\laravel\\framework\\src\\Illuminate\\Pipeline\\Pipeline.php(170): Illuminate\\Routing\\Router->Illuminate\\Routing\\{closure}()
#21 D:\\laravel\\School Managment System\\vendor\\laravel\\framework\\src\\Illuminate\\Routing\\Middleware\\SubstituteBindings.php(51): Illuminate\\Pipeline\\Pipeline->Illuminate\\Pipeline\\{closure}()
#22 D:\\laravel\\School Managment System\\vendor\\laravel\\framework\\src\\Illuminate\\Pipeline\\Pipeline.php(209): Illuminate\\Routing\\Middleware\\SubstituteBindings->handle()
#23 D:\\laravel\\School Managment System\\vendor\\laravel\\framework\\src\\Illuminate\\Session\\Middleware\\StartSession.php(121): Illuminate\\Pipeline\\Pipeline->Illuminate\\Pipeline\\{closure}()
#24 D:\\laravel\\School Managment System\\vendor\\laravel\\framework\\src\\Illuminate\\Session\\Middleware\\StartSession.php(64): Illuminate\\Session\\Middleware\\StartSession->handleStatefulRequest()
#25 D:\\laravel\\School Managment System\\vendor\\laravel\\framework\\src\\Illuminate\\Pipeline\\Pipeline.php(209): Illuminate\\Session\\Middleware\\StartSession->handle()
#26 D:\\laravel\\School Managment System\\vendor\\laravel\\framework\\src\\Illuminate\\Cookie\\Middleware\\AddQueuedCookiesToResponse.php(37): Illuminate\\Pipeline\\Pipeline->Illuminate\\Pipeline\\{closure}()
#27 D:\\laravel\\School Managment System\\vendor\\laravel\\framework\\src\\Illuminate\\Pipeline\\Pipeline.php(209): Illuminate\\Cookie\\Middleware\\AddQueuedCookiesToResponse->handle()
#28 D:\\laravel\\School Managment System\\vendor\\laravel\\framework\\src\\Illuminate\\Pipeline\\Pipeline.php(127): Illuminate\\Pipeline\\Pipeline->Illuminate\\Pipeline\\{closure}()
#29 D:\\laravel\\School Managment System\\vendor\\laravel\\framework\\src\\Illuminate\\Routing\\Router.php(807): Illuminate\\Pipeline\\Pipeline->then()
#30 D:\\laravel\\School Managment System\\vendor\\laravel\\framework\\src\\Illuminate\\Routing\\Router.php(786): Illuminate\\Routing\\Router->runRouteWithinStack()
#31 D:\\laravel\\School Managment System\\vendor\\laravel\\framework\\src\\Illuminate\\Routing\\Router.php(750): Illuminate\\Routing\\Router->runRoute()
#32 D:\\laravel\\School Managment System\\vendor\\laravel\\framework\\src\\Illuminate\\Routing\\Router.php(739): Illuminate\\Routing\\Router->dispatchToRoute()
#33 D:\\laravel\\School Managment System\\vendor\\laravel\\framework\\src\\Illuminate\\Foundation\\Http\\Kernel.php(201): Illuminate\\Routing\\Router->dispatch()
#34 D:\\laravel\\School Managment System\\vendor\\laravel\\framework\\src\\Illuminate\\Pipeline\\Pipeline.php(170): Illuminate\\Foundation\\Http\\Kernel->Illuminate\\Foundation\\Http\\{closure}()
#35 D:\\laravel\\School Managment System\\vendor\\laravel\\framework\\src\\Illuminate\\Foundation\\Http\\Middleware\\TransformsRequest.php(21): Illuminate\\Pipeline\\Pipeline->Illuminate\\Pipeline\\{closure}()
#36 D:\\laravel\\School Managment System\\vendor\\laravel\\framework\\src\\Illuminate\\Foundation\\Http\\Middleware\\ConvertEmptyStringsToNull.php(31): Illuminate\\Foundation\\Http\\Middleware\\TransformsRequest->handle()
#37 D:\\laravel\\School Managment System\\vendor\\laravel\\framework\\src\\Illuminate\\Pipeline\\Pipeline.php(209): Illuminate\\Foundation\\Http\\Middleware\\ConvertEmptyStringsToNull->handle()
#38 D:\\laravel\\School Managment System\\vendor\\laravel\\framework\\src\\Illuminate\\Foundation\\Http\\Middleware\\TransformsRequest.php(21): Illuminate\\Pipeline\\Pipeline->Illuminate\\Pipeline\\{closure}()
#39 D:\\laravel\\School Managment System\\vendor\\laravel\\framework\\src\\Illuminate\\Foundation\\Http\\Middleware\\TrimStrings.php(51): Illuminate\\Foundation\\Http\\Middleware\\TransformsRequest->handle()
#40 D:\\laravel\\School Managment System\\vendor\\laravel\\framework\\src\\Illuminate\\Pipeline\\Pipeline.php(209): Illuminate\\Foundation\\Http\\Middleware\\TrimStrings->handle()
#41 D:\\laravel\\School Managment System\\vendor\\laravel\\framework\\src\\Illuminate\\Http\\Middleware\\ValidatePostSize.php(27): Illuminate\\Pipeline\\Pipeline->Illuminate\\Pipeline\\{closure}()
#42 D:\\laravel\\School Managment System\\vendor\\laravel\\framework\\src\\Illuminate\\Pipeline\\Pipeline.php(209): Illuminate\\Http\\Middleware\\ValidatePostSize->handle()
#43 D:\\laravel\\School Managment System\\vendor\\laravel\\framework\\src\\Illuminate\\Foundation\\Http\\Middleware\\PreventRequestsDuringMaintenance.php(110): Illuminate\\Pipeline\\Pipeline->Illuminate\\Pipeline\\{closure}()
#44 D:\\laravel\\School Managment System\\vendor\\laravel\\framework\\src\\Illuminate\\Pipeline\\Pipeline.php(209): Illuminate\\Foundation\\Http\\Middleware\\PreventRequestsDuringMaintenance->handle()
#45 D:\\laravel\\School Managment System\\vendor\\laravel\\framework\\src\\Illuminate\\Http\\Middleware\\HandleCors.php(62): Illuminate\\Pipeline\\Pipeline->Illuminate\\Pipeline\\{closure}()
#46 D:\\laravel\\School Managment System\\vendor\\laravel\\framework\\src\\Illuminate\\Pipeline\\Pipeline.php(209): Illuminate\\Http\\Middleware\\HandleCors->handle()
#47 D:\\laravel\\School Managment System\\vendor\\laravel\\framework\\src\\Illuminate\\Http\\Middleware\\TrustProxies.php(58): Illuminate\\Pipeline\\Pipeline->Illuminate\\Pipeline\\{closure}()
#48 D:\\laravel\\School Managment System\\vendor\\laravel\\framework\\src\\Illuminate\\Pipeline\\Pipeline.php(209): Illuminate\\Http\\Middleware\\TrustProxies->handle()
#49 D:\\laravel\\School Managment System\\vendor\\laravel\\framework\\src\\Illuminate\\Foundation\\Http\\Middleware\\InvokeDeferredCallbacks.php(22): Illuminate\\Pipeline\\Pipeline->Illuminate\\Pipeline\\{closure}()
#50 D:\\laravel\\School Managment System\\vendor\\laravel\\framework\\src\\Illuminate\\Pipeline\\Pipeline.php(209): Illuminate\\Foundation\\Http\\Middleware\\InvokeDeferredCallbacks->handle()
#51 D:\\laravel\\School Managment System\\vendor\\laravel\\framework\\src\\Illuminate\\Pipeline\\Pipeline.php(127): Illuminate\\Pipeline\\Pipeline->Illuminate\\Pipeline\\{closure}()
#52 D:\\laravel\\School Managment System\\vendor\\laravel\\framework\\src\\Illuminate\\Foundation\\Http\\Kernel.php(176): Illuminate\\Pipeline\\Pipeline->then()
#53 D:\\laravel\\School Managment System\\vendor\\laravel\\framework\\src\\Illuminate\\Foundation\\Http\\Kernel.php(145): Illuminate\\Foundation\\Http\\Kernel->sendRequestThroughRouter()
#54 D:\\laravel\\School Managment System\\vendor\\laravel\\framework\\src\\Illuminate\\Foundation\\Application.php(1220): Illuminate\\Foundation\\Http\\Kernel->handle()
#55 D:\\laravel\\School Managment System\\public\\index.php(17): Illuminate\\Foundation\\Application->handleRequest()
#56 D:\\laravel\\School Managment System\\vendor\\laravel\\framework\\src\\Illuminate\\Foundation\\resources\\server.php(23): require_once('...')
#57 {main}

[previous exception] [object] (PDOException(code: 23000): SQLSTATE[23000]: Integrity constraint violation: 1452 Cannot add or update a child row: a foreign key constraint fails (`school_management_system`.`login_history`, CONSTRAINT `login_history_user_id_foreign` FOREIGN KEY (`user_id`) REFERENCES `users` (`id`) ON DELETE CASCADE) at D:\\laravel\\School Managment System\\vendor\\laravel\\framework\\src\\Illuminate\\Database\\MySqlConnection.php:53)
[stacktrace]
#0 D:\\laravel\\School Managment System\\vendor\\laravel\\framework\\src\\Illuminate\\Database\\MySqlConnection.php(53): PDOStatement->execute()
#1 D:\\laravel\\School Managment System\\vendor\\laravel\\framework\\src\\Illuminate\\Database\\Connection.php(812): Illuminate\\Database\\MySqlConnection->Illuminate\\Database\\{closure}()
#2 D:\\laravel\\School Managment System\\vendor\\laravel\\framework\\src\\Illuminate\\Database\\Connection.php(779): Illuminate\\Database\\Connection->runQueryCallback()
#3 D:\\laravel\\School Managment System\\vendor\\laravel\\framework\\src\\Illuminate\\Database\\MySqlConnection.php(42): Illuminate\\Database\\Connection->run()
#4 D:\\laravel\\School Managment System\\vendor\\laravel\\framework\\src\\Illuminate\\Database\\Query\\Processors\\MySqlProcessor.php(35): Illuminate\\Database\\MySqlConnection->insert()
#5 D:\\laravel\\School Managment System\\vendor\\laravel\\framework\\src\\Illuminate\\Database\\Query\\Builder.php(3766): Illuminate\\Database\\Query\\Processors\\MySqlProcessor->processInsertGetId()
#6 D:\\laravel\\School Managment System\\vendor\\laravel\\framework\\src\\Illuminate\\Database\\Eloquent\\Builder.php(2120): Illuminate\\Database\\Query\\Builder->insertGetId()
#7 D:\\laravel\\School Managment System\\vendor\\laravel\\framework\\src\\Illuminate\\Database\\Eloquent\\Model.php(1359): Illuminate\\Database\\Eloquent\\Builder->__call()
#8 D:\\laravel\\School Managment System\\vendor\\laravel\\framework\\src\\Illuminate\\Database\\Eloquent\\Model.php(1324): Illuminate\\Database\\Eloquent\\Model->insertAndSetId()
#9 D:\\laravel\\School Managment System\\vendor\\laravel\\framework\\src\\Illuminate\\Database\\Eloquent\\Model.php(1163): Illuminate\\Database\\Eloquent\\Model->performInsert()
#10 D:\\laravel\\School Managment System\\vendor\\laravel\\framework\\src\\Illuminate\\Database\\Eloquent\\Builder.php(1128): Illuminate\\Database\\Eloquent\\Model->save()
#11 D:\\laravel\\School Managment System\\vendor\\laravel\\framework\\src\\Illuminate\\Support\\helpers.php(399): Illuminate\\Database\\Eloquent\\Builder->Illuminate\\Database\\Eloquent\\{closure}()
#12 D:\\laravel\\School Managment System\\vendor\\laravel\\framework\\src\\Illuminate\\Database\\Eloquent\\Builder.php(1127): tap()
#13 D:\\laravel\\School Managment System\\vendor\\laravel\\framework\\src\\Illuminate\\Support\\Traits\\ForwardsCalls.php(23): Illuminate\\Database\\Eloquent\\Builder->create()
#14 D:\\laravel\\School Managment System\\vendor\\laravel\\framework\\src\\Illuminate\\Database\\Eloquent\\Model.php(2372): Illuminate\\Database\\Eloquent\\Model->forwardCallTo()
#15 D:\\laravel\\School Managment System\\vendor\\laravel\\framework\\src\\Illuminate\\Database\\Eloquent\\Model.php(2384): Illuminate\\Database\\Eloquent\\Model->__call()
#16 D:\\laravel\\School Managment System\\app\\Services\\AuthService.php(24): Illuminate\\Database\\Eloquent\\Model::__callStatic()
#17 D:\\laravel\\School Managment System\\app\\Http\\Controllers\\AuthController.php(52): App\\Services\\AuthService->login()
#18 D:\\laravel\\School Managment System\\vendor\\laravel\\framework\\src\\Illuminate\\Routing\\ControllerDispatcher.php(47): App\\Http\\Controllers\\AuthController->login()
#19 D:\\laravel\\School Managment System\\vendor\\laravel\\framework\\src\\Illuminate\\Routing\\Route.php(266): Illuminate\\Routing\\ControllerDispatcher->dispatch()
#20 D:\\laravel\\School Managment System\\vendor\\laravel\\framework\\src\\Illuminate\\Routing\\Route.php(212): Illuminate\\Routing\\Route->runController()
#21 D:\\laravel\\School Managment System\\vendor\\laravel\\framework\\src\\Illuminate\\Routing\\Router.php(808): Illuminate\\Routing\\Route->run()
#22 D:\\laravel\\School Managment System\\vendor\\laravel\\framework\\src\\Illuminate\\Pipeline\\Pipeline.php(170): Illuminate\\Routing\\Router->Illuminate\\Routing\\{closure}()
#23 D:\\laravel\\School Managment System\\vendor\\laravel\\framework\\src\\Illuminate\\Routing\\Middleware\\SubstituteBindings.php(51): Illuminate\\Pipeline\\Pipeline->Illuminate\\Pipeline\\{closure}()
#24 D:\\laravel\\School Managment System\\vendor\\laravel\\framework\\src\\Illuminate\\Pipeline\\Pipeline.php(209): Illuminate\\Routing\\Middleware\\SubstituteBindings->handle()
#25 D:\\laravel\\School Managment System\\vendor\\laravel\\framework\\src\\Illuminate\\Session\\Middleware\\StartSession.php(121): Illuminate\\Pipeline\\Pipeline->Illuminate\\Pipeline\\{closure}()
#26 D:\\laravel\\School Managment System\\vendor\\laravel\\framework\\src\\Illuminate\\Session\\Middleware\\StartSession.php(64): Illuminate\\Session\\Middleware\\StartSession->handleStatefulRequest()
#27 D:\\laravel\\School Managment System\\vendor\\laravel\\framework\\src\\Illuminate\\Pipeline\\Pipeline.php(209): Illuminate\\Session\\Middleware\\StartSession->handle()
#28 D:\\laravel\\School Managment System\\vendor\\laravel\\framework\\src\\Illuminate\\Cookie\\Middleware\\AddQueuedCookiesToResponse.php(37): Illuminate\\Pipeline\\Pipeline->Illuminate\\Pipeline\\{closure}()
#29 D:\\laravel\\School Managment System\\vendor\\laravel\\framework\\src\\Illuminate\\Pipeline\\Pipeline.php(209): Illuminate\\Cookie\\Middleware\\AddQueuedCookiesToResponse->handle()
#30 D:\\laravel\\School Managment System\\vendor\\laravel\\framework\\src\\Illuminate\\Pipeline\\Pipeline.php(127): Illuminate\\Pipeline\\Pipeline->Illuminate\\Pipeline\\{closure}()
#31 D:\\laravel\\School Managment System\\vendor\\laravel\\framework\\src\\Illuminate\\Routing\\Router.php(807): Illuminate\\Pipeline\\Pipeline->then()
#32 D:\\laravel\\School Managment System\\vendor\\laravel\\framework\\src\\Illuminate\\Routing\\Router.php(786): Illuminate\\Routing\\Router->runRouteWithinStack()
#33 D:\\laravel\\School Managment System\\vendor\\laravel\\framework\\src\\Illuminate\\Routing\\Router.php(750): Illuminate\\Routing\\Router->runRoute()
#34 D:\\laravel\\School Managment System\\vendor\\laravel\\framework\\src\\Illuminate\\Routing\\Router.php(739): Illuminate\\Routing\\Router->dispatchToRoute()
#35 D:\\laravel\\School Managment System\\vendor\\laravel\\framework\\src\\Illuminate\\Foundation\\Http\\Kernel.php(201): Illuminate\\Routing\\Router->dispatch()
#36 D:\\laravel\\School Managment System\\vendor\\laravel\\framework\\src\\Illuminate\\Pipeline\\Pipeline.php(170): Illuminate\\Foundation\\Http\\Kernel->Illuminate\\Foundation\\Http\\{closure}()
#37 D:\\laravel\\School Managment System\\vendor\\laravel\\framework\\src\\Illuminate\\Foundation\\Http\\Middleware\\TransformsRequest.php(21): Illuminate\\Pipeline\\Pipeline->Illuminate\\Pipeline\\{closure}()
#38 D:\\laravel\\School Managment System\\vendor\\laravel\\framework\\src\\Illuminate\\Foundation\\Http\\Middleware\\ConvertEmptyStringsToNull.php(31): Illuminate\\Foundation\\Http\\Middleware\\TransformsRequest->handle()
#39 D:\\laravel\\School Managment System\\vendor\\laravel\\framework\\src\\Illuminate\\Pipeline\\Pipeline.php(209): Illuminate\\Foundation\\Http\\Middleware\\ConvertEmptyStringsToNull->handle()
#40 D:\\laravel\\School Managment System\\vendor\\laravel\\framework\\src\\Illuminate\\Foundation\\Http\\Middleware\\TransformsRequest.php(21): Illuminate\\Pipeline\\Pipeline->Illuminate\\Pipeline\\{closure}()
#41 D:\\laravel\\School Managment System\\vendor\\laravel\\framework\\src\\Illuminate\\Foundation\\Http\\Middleware\\TrimStrings.php(51): Illuminate\\Foundation\\Http\\Middleware\\TransformsRequest->handle()
#42 D:\\laravel\\School Managment System\\vendor\\laravel\\framework\\src\\Illuminate\\Pipeline\\Pipeline.php(209): Illuminate\\Foundation\\Http\\Middleware\\TrimStrings->handle()
#43 D:\\laravel\\School Managment System\\vendor\\laravel\\framework\\src\\Illuminate\\Http\\Middleware\\ValidatePostSize.php(27): Illuminate\\Pipeline\\Pipeline->Illuminate\\Pipeline\\{closure}()
#44 D:\\laravel\\School Managment System\\vendor\\laravel\\framework\\src\\Illuminate\\Pipeline\\Pipeline.php(209): Illuminate\\Http\\Middleware\\ValidatePostSize->handle()
#45 D:\\laravel\\School Managment System\\vendor\\laravel\\framework\\src\\Illuminate\\Foundation\\Http\\Middleware\\PreventRequestsDuringMaintenance.php(110): Illuminate\\Pipeline\\Pipeline->Illuminate\\Pipeline\\{closure}()
#46 D:\\laravel\\School Managment System\\vendor\\laravel\\framework\\src\\Illuminate\\Pipeline\\Pipeline.php(209): Illuminate\\Foundation\\Http\\Middleware\\PreventRequestsDuringMaintenance->handle()
#47 D:\\laravel\\School Managment System\\vendor\\laravel\\framework\\src\\Illuminate\\Http\\Middleware\\HandleCors.php(62): Illuminate\\Pipeline\\Pipeline->Illuminate\\Pipeline\\{closure}()
#48 D:\\laravel\\School Managment System\\vendor\\laravel\\framework\\src\\Illuminate\\Pipeline\\Pipeline.php(209): Illuminate\\Http\\Middleware\\HandleCors->handle()
#49 D:\\laravel\\School Managment System\\vendor\\laravel\\framework\\src\\Illuminate\\Http\\Middleware\\TrustProxies.php(58): Illuminate\\Pipeline\\Pipeline->Illuminate\\Pipeline\\{closure}()
#50 D:\\laravel\\School Managment System\\vendor\\laravel\\framework\\src\\Illuminate\\Pipeline\\Pipeline.php(209): Illuminate\\Http\\Middleware\\TrustProxies->handle()
#51 D:\\laravel\\School Managment System\\vendor\\laravel\\framework\\src\\Illuminate\\Foundation\\Http\\Middleware\\InvokeDeferredCallbacks.php(22): Illuminate\\Pipeline\\Pipeline->Illuminate\\Pipeline\\{closure}()
#52 D:\\laravel\\School Managment System\\vendor\\laravel\\framework\\src\\Illuminate\\Pipeline\\Pipeline.php(209): Illuminate\\Foundation\\Http\\Middleware\\InvokeDeferredCallbacks->handle()
#53 D:\\laravel\\School Managment System\\vendor\\laravel\\framework\\src\\Illuminate\\Pipeline\\Pipeline.php(127): Illuminate\\Pipeline\\Pipeline->Illuminate\\Pipeline\\{closure}()
#54 D:\\laravel\\School Managment System\\vendor\\laravel\\framework\\src\\Illuminate\\Foundation\\Http\\Kernel.php(176): Illuminate\\Pipeline\\Pipeline->then()
#55 D:\\laravel\\School Managment System\\vendor\\laravel\\framework\\src\\Illuminate\\Foundation\\Http\\Kernel.php(145): Illuminate\\Foundation\\Http\\Kernel->sendRequestThroughRouter()
#56 D:\\laravel\\School Managment System\\vendor\\laravel\\framework\\src\\Illuminate\\Foundation\\Application.php(1220): Illuminate\\Foundation\\Http\\Kernel->handle()
#57 D:\\laravel\\School Managment System\\public\\index.php(17): Illuminate\\Foundation\\Application->handleRequest()
#58 D:\\laravel\\School Managment System\\vendor\\laravel\\framework\\src\\Illuminate\\Foundation\\resources\\server.php(23): require_once('...')
#59 {main}
"} 
[2026-04-25 09:40:37] local.DEBUG: From: Laravel <hello@example.com>
To: teacher1@test.com
Subject: =?utf-8?Q?=D8=AA=D9=81=D8=B9=D9=8A=D9=84_=D8=A7=D9=84?=
 =?utf-8?Q?=D8=A8=D8=B1=D9=8A=D8=AF_=D8=A7=D9=84=D8=A5?=
 =?utf-8?Q?=D9=84=D9=83=D8=AA=D8=B1=D9=88=D9=86=D9=8A?=
MIME-Version: 1.0
Date: Sat, 25 Apr 2026 09:40:37 +0000
Message-ID: <7c6fd663e7ae26b9ee691b177decece0@example.com>
Content-Type: text/plain; charset=utf-8
Content-Transfer-Encoding: quoted-printable

مرحباً سامر الحسن!

كود تفعيل البريد الإلكتروني: 584783

هذا الكود صالح لمدة 30 دقيقة.

نظام إدارة المدرسة  
[2026-04-25 09:40:37] local.DEBUG: From: Laravel <hello@example.com>
To: teacher1@test.com
Subject: =?utf-8?Q?=D8=AA=D9=85_=D8=A7=D8=B3=D8=AA=D9=84=D8=A7?=
 =?utf-8?Q?=D9=85_=D8=B7=D9=84=D8=A8_=D8=A7=D9=84=D8=AA=D8=B3=D8=AC=D9=8A?=
 =?utf-8?Q?=D9=84?= -
 =?utf-8?Q?=D9=8A=D8=B1=D8=AC=D9=89_=D8=AA=D9=81=D8=B9?=
 =?utf-8?Q?=D9=8A=D9=84_=D8=A8=D8=B1=D9=8A=D8=AF=D9=83?=
MIME-Version: 1.0
Date: Sat, 25 Apr 2026 09:40:37 +0000
Message-ID: <2ad0ec7287b8f98aad2cd554482617d2@example.com>
Content-Type: text/plain; charset=utf-8
Content-Transfer-Encoding: quoted-printable

مرحباً سامر الحسن!

تم استلام طلب تسجيلك معلم في نظام إدارة المدرسة بنجاح.

✅ الخطوة 1: يرجى تفعيل بريدك الإلكتروني أولاً باستخدام الكود المرسل إليك.
✅ الخطوة 2: بعد تفعيل بريدك، سيتم مراجعة طلبك من قبل الإدارة.

شكراً لصبرك!

نظام إدارة المدرسة  
[2026-04-25 09:50:37] local.ERROR: Call to undefined method App\Models\User::credentials() {"userId":55,"exception":"[object] (BadMethodCallException(code: 0): Call to undefined method App\\Models\\User::credentials() at D:\\laravel\\School Managment System\\vendor\\laravel\\framework\\src\\Illuminate\\Support\\Traits\\ForwardsCalls.php:67)
[stacktrace]
#0 D:\\laravel\\School Managment System\\vendor\\laravel\\framework\\src\\Illuminate\\Support\\Traits\\ForwardsCalls.php(36): Illuminate\\Database\\Eloquent\\Model::throwBadMethodCallException()
#1 D:\\laravel\\School Managment System\\vendor\\laravel\\framework\\src\\Illuminate\\Database\\Eloquent\\Model.php(2372): Illuminate\\Database\\Eloquent\\Model->forwardCallTo()
#2 D:\\laravel\\School Managment System\\app\\Http\\Controllers\\BiometricAuthController.php(169): Illuminate\\Database\\Eloquent\\Model->__call()
#3 D:\\laravel\\School Managment System\\vendor\\laravel\\framework\\src\\Illuminate\\Routing\\ControllerDispatcher.php(47): App\\Http\\Controllers\\BiometricAuthController->credentials()
#4 D:\\laravel\\School Managment System\\vendor\\laravel\\framework\\src\\Illuminate\\Routing\\Route.php(266): Illuminate\\Routing\\ControllerDispatcher->dispatch()
#5 D:\\laravel\\School Managment System\\vendor\\laravel\\framework\\src\\Illuminate\\Routing\\Route.php(212): Illuminate\\Routing\\Route->runController()
#6 D:\\laravel\\School Managment System\\vendor\\laravel\\framework\\src\\Illuminate\\Routing\\Router.php(808): Illuminate\\Routing\\Route->run()
#7 D:\\laravel\\School Managment System\\vendor\\laravel\\framework\\src\\Illuminate\\Pipeline\\Pipeline.php(170): Illuminate\\Routing\\Router->Illuminate\\Routing\\{closure}()
#8 D:\\laravel\\School Managment System\\app\\Http\\Middleware\\CheckForceLogout.php(25): Illuminate\\Pipeline\\Pipeline->Illuminate\\Pipeline\\{closure}()
#9 D:\\laravel\\School Managment System\\vendor\\laravel\\framework\\src\\Illuminate\\Pipeline\\Pipeline.php(209): App\\Http\\Middleware\\CheckForceLogout->handle()
#10 D:\\laravel\\School Managment System\\vendor\\laravel\\framework\\src\\Illuminate\\Routing\\Middleware\\SubstituteBindings.php(51): Illuminate\\Pipeline\\Pipeline->Illuminate\\Pipeline\\{closure}()
#11 D:\\laravel\\School Managment System\\vendor\\laravel\\framework\\src\\Illuminate\\Pipeline\\Pipeline.php(209): Illuminate\\Routing\\Middleware\\SubstituteBindings->handle()
#12 D:\\laravel\\School Managment System\\vendor\\laravel\\framework\\src\\Illuminate\\Auth\\Middleware\\Authenticate.php(64): Illuminate\\Pipeline\\Pipeline->Illuminate\\Pipeline\\{closure}()
#13 D:\\laravel\\School Managment System\\vendor\\laravel\\framework\\src\\Illuminate\\Pipeline\\Pipeline.php(209): Illuminate\\Auth\\Middleware\\Authenticate->handle()
#14 D:\\laravel\\School Managment System\\vendor\\laravel\\framework\\src\\Illuminate\\Session\\Middleware\\StartSession.php(121): Illuminate\\Pipeline\\Pipeline->Illuminate\\Pipeline\\{closure}()
#15 D:\\laravel\\School Managment System\\vendor\\laravel\\framework\\src\\Illuminate\\Session\\Middleware\\StartSession.php(64): Illuminate\\Session\\Middleware\\StartSession->handleStatefulRequest()
#16 D:\\laravel\\School Managment System\\vendor\\laravel\\framework\\src\\Illuminate\\Pipeline\\Pipeline.php(209): Illuminate\\Session\\Middleware\\StartSession->handle()
#17 D:\\laravel\\School Managment System\\vendor\\laravel\\framework\\src\\Illuminate\\Cookie\\Middleware\\AddQueuedCookiesToResponse.php(37): Illuminate\\Pipeline\\Pipeline->Illuminate\\Pipeline\\{closure}()
#18 D:\\laravel\\School Managment System\\vendor\\laravel\\framework\\src\\Illuminate\\Pipeline\\Pipeline.php(209): Illuminate\\Cookie\\Middleware\\AddQueuedCookiesToResponse->handle()
#19 D:\\laravel\\School Managment System\\vendor\\laravel\\framework\\src\\Illuminate\\Pipeline\\Pipeline.php(127): Illuminate\\Pipeline\\Pipeline->Illuminate\\Pipeline\\{closure}()
#20 D:\\laravel\\School Managment System\\vendor\\laravel\\framework\\src\\Illuminate\\Routing\\Router.php(807): Illuminate\\Pipeline\\Pipeline->then()
#21 D:\\laravel\\School Managment System\\vendor\\laravel\\framework\\src\\Illuminate\\Routing\\Router.php(786): Illuminate\\Routing\\Router->runRouteWithinStack()
#22 D:\\laravel\\School Managment System\\vendor\\laravel\\framework\\src\\Illuminate\\Routing\\Router.php(750): Illuminate\\Routing\\Router->runRoute()
#23 D:\\laravel\\School Managment System\\vendor\\laravel\\framework\\src\\Illuminate\\Routing\\Router.php(739): Illuminate\\Routing\\Router->dispatchToRoute()
#24 D:\\laravel\\School Managment System\\vendor\\laravel\\framework\\src\\Illuminate\\Foundation\\Http\\Kernel.php(201): Illuminate\\Routing\\Router->dispatch()
#25 D:\\laravel\\School Managment System\\vendor\\laravel\\framework\\src\\Illuminate\\Pipeline\\Pipeline.php(170): Illuminate\\Foundation\\Http\\Kernel->Illuminate\\Foundation\\Http\\{closure}()
#26 D:\\laravel\\School Managment System\\vendor\\laravel\\framework\\src\\Illuminate\\Foundation\\Http\\Middleware\\TransformsRequest.php(21): Illuminate\\Pipeline\\Pipeline->Illuminate\\Pipeline\\{closure}()
#27 D:\\laravel\\School Managment System\\vendor\\laravel\\framework\\src\\Illuminate\\Foundation\\Http\\Middleware\\ConvertEmptyStringsToNull.php(31): Illuminate\\Foundation\\Http\\Middleware\\TransformsRequest->handle()
#28 D:\\laravel\\School Managment System\\vendor\\laravel\\framework\\src\\Illuminate\\Pipeline\\Pipeline.php(209): Illuminate\\Foundation\\Http\\Middleware\\ConvertEmptyStringsToNull->handle()
#29 D:\\laravel\\School Managment System\\vendor\\laravel\\framework\\src\\Illuminate\\Foundation\\Http\\Middleware\\TransformsRequest.php(21): Illuminate\\Pipeline\\Pipeline->Illuminate\\Pipeline\\{closure}()
#30 D:\\laravel\\School Managment System\\vendor\\laravel\\framework\\src\\Illuminate\\Foundation\\Http\\Middleware\\TrimStrings.php(51): Illuminate\\Foundation\\Http\\Middleware\\TransformsRequest->handle()
#31 D:\\laravel\\School Managment System\\vendor\\laravel\\framework\\src\\Illuminate\\Pipeline\\Pipeline.php(209): Illuminate\\Foundation\\Http\\Middleware\\TrimStrings->handle()
#32 D:\\laravel\\School Managment System\\vendor\\laravel\\framework\\src\\Illuminate\\Http\\Middleware\\ValidatePostSize.php(27): Illuminate\\Pipeline\\Pipeline->Illuminate\\Pipeline\\{closure}()
#33 D:\\laravel\\School Managment System\\vendor\\laravel\\framework\\src\\Illuminate\\Pipeline\\Pipeline.php(209): Illuminate\\Http\\Middleware\\ValidatePostSize->handle()
#34 D:\\laravel\\School Managment System\\vendor\\laravel\\framework\\src\\Illuminate\\Foundation\\Http\\Middleware\\PreventRequestsDuringMaintenance.php(110): Illuminate\\Pipeline\\Pipeline->Illuminate\\Pipeline\\{closure}()
#35 D:\\laravel\\School Managment System\\vendor\\laravel\\framework\\src\\Illuminate\\Pipeline\\Pipeline.php(209): Illuminate\\Foundation\\Http\\Middleware\\PreventRequestsDuringMaintenance->handle()
#36 D:\\laravel\\School Managment System\\vendor\\laravel\\framework\\src\\Illuminate\\Http\\Middleware\\HandleCors.php(62): Illuminate\\Pipeline\\Pipeline->Illuminate\\Pipeline\\{closure}()
#37 D:\\laravel\\School Managment System\\vendor\\laravel\\framework\\src\\Illuminate\\Pipeline\\Pipeline.php(209): Illuminate\\Http\\Middleware\\HandleCors->handle()
#38 D:\\laravel\\School Managment System\\vendor\\laravel\\framework\\src\\Illuminate\\Http\\Middleware\\TrustProxies.php(58): Illuminate\\Pipeline\\Pipeline->Illuminate\\Pipeline\\{closure}()
#39 D:\\laravel\\School Managment System\\vendor\\laravel\\framework\\src\\Illuminate\\Pipeline\\Pipeline.php(209): Illuminate\\Http\\Middleware\\TrustProxies->handle()
#40 D:\\laravel\\School Managment System\\vendor\\laravel\\framework\\src\\Illuminate\\Foundation\\Http\\Middleware\\InvokeDeferredCallbacks.php(22): Illuminate\\Pipeline\\Pipeline->Illuminate\\Pipeline\\{closure}()
#41 D:\\laravel\\School Managment System\\vendor\\laravel\\framework\\src\\Illuminate\\Pipeline\\Pipeline.php(209): Illuminate\\Foundation\\Http\\Middleware\\InvokeDeferredCallbacks->handle()
#42 D:\\laravel\\School Managment System\\vendor\\laravel\\framework\\src\\Illuminate\\Pipeline\\Pipeline.php(127): Illuminate\\Pipeline\\Pipeline->Illuminate\\Pipeline\\{closure}()
#43 D:\\laravel\\School Managment System\\vendor\\laravel\\framework\\src\\Illuminate\\Foundation\\Http\\Kernel.php(176): Illuminate\\Pipeline\\Pipeline->then()
#44 D:\\laravel\\School Managment System\\vendor\\laravel\\framework\\src\\Illuminate\\Foundation\\Http\\Kernel.php(145): Illuminate\\Foundation\\Http\\Kernel->sendRequestThroughRouter()
#45 D:\\laravel\\School Managment System\\vendor\\laravel\\framework\\src\\Illuminate\\Foundation\\Application.php(1220): Illuminate\\Foundation\\Http\\Kernel->handle()
#46 D:\\laravel\\School Managment System\\public\\index.php(17): Illuminate\\Foundation\\Application->handleRequest()
#47 D:\\laravel\\School Managment System\\vendor\\laravel\\framework\\src\\Illuminate\\Foundation\\resources\\server.php(23): require_once('...')
#48 {main}
"} 
[2026-04-25 09:51:55] local.ERROR: Call to undefined method App\Models\User::credentials() {"userId":55,"exception":"[object] (BadMethodCallException(code: 0): Call to undefined method App\\Models\\User::credentials() at D:\\laravel\\School Managment System\\vendor\\laravel\\framework\\src\\Illuminate\\Support\\Traits\\ForwardsCalls.php:67)
[stacktrace]
#0 D:\\laravel\\School Managment System\\vendor\\laravel\\framework\\src\\Illuminate\\Support\\Traits\\ForwardsCalls.php(36): Illuminate\\Database\\Eloquent\\Model::throwBadMethodCallException()
#1 D:\\laravel\\School Managment System\\vendor\\laravel\\framework\\src\\Illuminate\\Database\\Eloquent\\Model.php(2372): Illuminate\\Database\\Eloquent\\Model->forwardCallTo()
#2 D:\\laravel\\School Managment System\\app\\Http\\Controllers\\BiometricAuthController.php(169): Illuminate\\Database\\Eloquent\\Model->__call()
#3 D:\\laravel\\School Managment System\\vendor\\laravel\\framework\\src\\Illuminate\\Routing\\ControllerDispatcher.php(47): App\\Http\\Controllers\\BiometricAuthController->credentials()
#4 D:\\laravel\\School Managment System\\vendor\\laravel\\framework\\src\\Illuminate\\Routing\\Route.php(266): Illuminate\\Routing\\ControllerDispatcher->dispatch()
#5 D:\\laravel\\School Managment System\\vendor\\laravel\\framework\\src\\Illuminate\\Routing\\Route.php(212): Illuminate\\Routing\\Route->runController()
#6 D:\\laravel\\School Managment System\\vendor\\laravel\\framework\\src\\Illuminate\\Routing\\Router.php(808): Illuminate\\Routing\\Route->run()
#7 D:\\laravel\\School Managment System\\vendor\\laravel\\framework\\src\\Illuminate\\Pipeline\\Pipeline.php(170): Illuminate\\Routing\\Router->Illuminate\\Routing\\{closure}()
#8 D:\\laravel\\School Managment System\\app\\Http\\Middleware\\CheckForceLogout.php(25): Illuminate\\Pipeline\\Pipeline->Illuminate\\Pipeline\\{closure}()
#9 D:\\laravel\\School Managment System\\vendor\\laravel\\framework\\src\\Illuminate\\Pipeline\\Pipeline.php(209): App\\Http\\Middleware\\CheckForceLogout->handle()
#10 D:\\laravel\\School Managment System\\vendor\\laravel\\framework\\src\\Illuminate\\Routing\\Middleware\\SubstituteBindings.php(51): Illuminate\\Pipeline\\Pipeline->Illuminate\\Pipeline\\{closure}()
#11 D:\\laravel\\School Managment System\\vendor\\laravel\\framework\\src\\Illuminate\\Pipeline\\Pipeline.php(209): Illuminate\\Routing\\Middleware\\SubstituteBindings->handle()
#12 D:\\laravel\\School Managment System\\vendor\\laravel\\framework\\src\\Illuminate\\Auth\\Middleware\\Authenticate.php(64): Illuminate\\Pipeline\\Pipeline->Illuminate\\Pipeline\\{closure}()
#13 D:\\laravel\\School Managment System\\vendor\\laravel\\framework\\src\\Illuminate\\Pipeline\\Pipeline.php(209): Illuminate\\Auth\\Middleware\\Authenticate->handle()
#14 D:\\laravel\\School Managment System\\vendor\\laravel\\framework\\src\\Illuminate\\Session\\Middleware\\StartSession.php(121): Illuminate\\Pipeline\\Pipeline->Illuminate\\Pipeline\\{closure}()
#15 D:\\laravel\\School Managment System\\vendor\\laravel\\framework\\src\\Illuminate\\Session\\Middleware\\StartSession.php(64): Illuminate\\Session\\Middleware\\StartSession->handleStatefulRequest()
#16 D:\\laravel\\School Managment System\\vendor\\laravel\\framework\\src\\Illuminate\\Pipeline\\Pipeline.php(209): Illuminate\\Session\\Middleware\\StartSession->handle()
#17 D:\\laravel\\School Managment System\\vendor\\laravel\\framework\\src\\Illuminate\\Cookie\\Middleware\\AddQueuedCookiesToResponse.php(37): Illuminate\\Pipeline\\Pipeline->Illuminate\\Pipeline\\{closure}()
#18 D:\\laravel\\School Managment System\\vendor\\laravel\\framework\\src\\Illuminate\\Pipeline\\Pipeline.php(209): Illuminate\\Cookie\\Middleware\\AddQueuedCookiesToResponse->handle()
#19 D:\\laravel\\School Managment System\\vendor\\laravel\\framework\\src\\Illuminate\\Pipeline\\Pipeline.php(127): Illuminate\\Pipeline\\Pipeline->Illuminate\\Pipeline\\{closure}()
#20 D:\\laravel\\School Managment System\\vendor\\laravel\\framework\\src\\Illuminate\\Routing\\Router.php(807): Illuminate\\Pipeline\\Pipeline->then()
#21 D:\\laravel\\School Managment System\\vendor\\laravel\\framework\\src\\Illuminate\\Routing\\Router.php(786): Illuminate\\Routing\\Router->runRouteWithinStack()
#22 D:\\laravel\\School Managment System\\vendor\\laravel\\framework\\src\\Illuminate\\Routing\\Router.php(750): Illuminate\\Routing\\Router->runRoute()
#23 D:\\laravel\\School Managment System\\vendor\\laravel\\framework\\src\\Illuminate\\Routing\\Router.php(739): Illuminate\\Routing\\Router->dispatchToRoute()
#24 D:\\laravel\\School Managment System\\vendor\\laravel\\framework\\src\\Illuminate\\Foundation\\Http\\Kernel.php(201): Illuminate\\Routing\\Router->dispatch()
#25 D:\\laravel\\School Managment System\\vendor\\laravel\\framework\\src\\Illuminate\\Pipeline\\Pipeline.php(170): Illuminate\\Foundation\\Http\\Kernel->Illuminate\\Foundation\\Http\\{closure}()
#26 D:\\laravel\\School Managment System\\vendor\\laravel\\framework\\src\\Illuminate\\Foundation\\Http\\Middleware\\TransformsRequest.php(21): Illuminate\\Pipeline\\Pipeline->Illuminate\\Pipeline\\{closure}()
#27 D:\\laravel\\School Managment System\\vendor\\laravel\\framework\\src\\Illuminate\\Foundation\\Http\\Middleware\\ConvertEmptyStringsToNull.php(31): Illuminate\\Foundation\\Http\\Middleware\\TransformsRequest->handle()
#28 D:\\laravel\\School Managment System\\vendor\\laravel\\framework\\src\\Illuminate\\Pipeline\\Pipeline.php(209): Illuminate\\Foundation\\Http\\Middleware\\ConvertEmptyStringsToNull->handle()
#29 D:\\laravel\\School Managment System\\vendor\\laravel\\framework\\src\\Illuminate\\Foundation\\Http\\Middleware\\TransformsRequest.php(21): Illuminate\\Pipeline\\Pipeline->Illuminate\\Pipeline\\{closure}()
#30 D:\\laravel\\School Managment System\\vendor\\laravel\\framework\\src\\Illuminate\\Foundation\\Http\\Middleware\\TrimStrings.php(51): Illuminate\\Foundation\\Http\\Middleware\\TransformsRequest->handle()
#31 D:\\laravel\\School Managment System\\vendor\\laravel\\framework\\src\\Illuminate\\Pipeline\\Pipeline.php(209): Illuminate\\Foundation\\Http\\Middleware\\TrimStrings->handle()
#32 D:\\laravel\\School Managment System\\vendor\\laravel\\framework\\src\\Illuminate\\Http\\Middleware\\ValidatePostSize.php(27): Illuminate\\Pipeline\\Pipeline->Illuminate\\Pipeline\\{closure}()
#33 D:\\laravel\\School Managment System\\vendor\\laravel\\framework\\src\\Illuminate\\Pipeline\\Pipeline.php(209): Illuminate\\Http\\Middleware\\ValidatePostSize->handle()
#34 D:\\laravel\\School Managment System\\vendor\\laravel\\framework\\src\\Illuminate\\Foundation\\Http\\Middleware\\PreventRequestsDuringMaintenance.php(110): Illuminate\\Pipeline\\Pipeline->Illuminate\\Pipeline\\{closure}()
#35 D:\\laravel\\School Managment System\\vendor\\laravel\\framework\\src\\Illuminate\\Pipeline\\Pipeline.php(209): Illuminate\\Foundation\\Http\\Middleware\\PreventRequestsDuringMaintenance->handle()
#36 D:\\laravel\\School Managment System\\vendor\\laravel\\framework\\src\\Illuminate\\Http\\Middleware\\HandleCors.php(62): Illuminate\\Pipeline\\Pipeline->Illuminate\\Pipeline\\{closure}()
#37 D:\\laravel\\School Managment System\\vendor\\laravel\\framework\\src\\Illuminate\\Pipeline\\Pipeline.php(209): Illuminate\\Http\\Middleware\\HandleCors->handle()
#38 D:\\laravel\\School Managment System\\vendor\\laravel\\framework\\src\\Illuminate\\Http\\Middleware\\TrustProxies.php(58): Illuminate\\Pipeline\\Pipeline->Illuminate\\Pipeline\\{closure}()
#39 D:\\laravel\\School Managment System\\vendor\\laravel\\framework\\src\\Illuminate\\Pipeline\\Pipeline.php(209): Illuminate\\Http\\Middleware\\TrustProxies->handle()
#40 D:\\laravel\\School Managment System\\vendor\\laravel\\framework\\src\\Illuminate\\Foundation\\Http\\Middleware\\InvokeDeferredCallbacks.php(22): Illuminate\\Pipeline\\Pipeline->Illuminate\\Pipeline\\{closure}()
#41 D:\\laravel\\School Managment System\\vendor\\laravel\\framework\\src\\Illuminate\\Pipeline\\Pipeline.php(209): Illuminate\\Foundation\\Http\\Middleware\\InvokeDeferredCallbacks->handle()
#42 D:\\laravel\\School Managment System\\vendor\\laravel\\framework\\src\\Illuminate\\Pipeline\\Pipeline.php(127): Illuminate\\Pipeline\\Pipeline->Illuminate\\Pipeline\\{closure}()
#43 D:\\laravel\\School Managment System\\vendor\\laravel\\framework\\src\\Illuminate\\Foundation\\Http\\Kernel.php(176): Illuminate\\Pipeline\\Pipeline->then()
#44 D:\\laravel\\School Managment System\\vendor\\laravel\\framework\\src\\Illuminate\\Foundation\\Http\\Kernel.php(145): Illuminate\\Foundation\\Http\\Kernel->sendRequestThroughRouter()
#45 D:\\laravel\\School Managment System\\vendor\\laravel\\framework\\src\\Illuminate\\Foundation\\Application.php(1220): Illuminate\\Foundation\\Http\\Kernel->handle()
#46 D:\\laravel\\School Managment System\\public\\index.php(17): Illuminate\\Foundation\\Application->handleRequest()
#47 D:\\laravel\\School Managment System\\vendor\\laravel\\framework\\src\\Illuminate\\Foundation\\resources\\server.php(23): require_once('...')
#48 {main}
"} 
[2026-04-25 09:55:04] local.ERROR: Call to undefined method App\Http\Controllers\AuthController::checkPasswordStrength() {"exception":"[object] (Error(code: 0): Call to undefined method App\\Http\\Controllers\\AuthController::checkPasswordStrength() at D:\\laravel\\School Managment System\\vendor\\laravel\\framework\\src\\Illuminate\\Routing\\ControllerDispatcher.php:47)
[stacktrace]
#0 D:\\laravel\\School Managment System\\vendor\\laravel\\framework\\src\\Illuminate\\Routing\\Route.php(266): Illuminate\\Routing\\ControllerDispatcher->dispatch()
#1 D:\\laravel\\School Managment System\\vendor\\laravel\\framework\\src\\Illuminate\\Routing\\Route.php(212): Illuminate\\Routing\\Route->runController()
#2 D:\\laravel\\School Managment System\\vendor\\laravel\\framework\\src\\Illuminate\\Routing\\Router.php(808): Illuminate\\Routing\\Route->run()
#3 D:\\laravel\\School Managment System\\vendor\\laravel\\framework\\src\\Illuminate\\Pipeline\\Pipeline.php(170): Illuminate\\Routing\\Router->Illuminate\\Routing\\{closure}()
#4 D:\\laravel\\School Managment System\\vendor\\laravel\\framework\\src\\Illuminate\\Routing\\Middleware\\SubstituteBindings.php(51): Illuminate\\Pipeline\\Pipeline->Illuminate\\Pipeline\\{closure}()
#5 D:\\laravel\\School Managment System\\vendor\\laravel\\framework\\src\\Illuminate\\Pipeline\\Pipeline.php(209): Illuminate\\Routing\\Middleware\\SubstituteBindings->handle()
#6 D:\\laravel\\School Managment System\\vendor\\laravel\\framework\\src\\Illuminate\\Session\\Middleware\\StartSession.php(121): Illuminate\\Pipeline\\Pipeline->Illuminate\\Pipeline\\{closure}()
#7 D:\\laravel\\School Managment System\\vendor\\laravel\\framework\\src\\Illuminate\\Session\\Middleware\\StartSession.php(64): Illuminate\\Session\\Middleware\\StartSession->handleStatefulRequest()
#8 D:\\laravel\\School Managment System\\vendor\\laravel\\framework\\src\\Illuminate\\Pipeline\\Pipeline.php(209): Illuminate\\Session\\Middleware\\StartSession->handle()
#9 D:\\laravel\\School Managment System\\vendor\\laravel\\framework\\src\\Illuminate\\Cookie\\Middleware\\AddQueuedCookiesToResponse.php(37): Illuminate\\Pipeline\\Pipeline->Illuminate\\Pipeline\\{closure}()
#10 D:\\laravel\\School Managment System\\vendor\\laravel\\framework\\src\\Illuminate\\Pipeline\\Pipeline.php(209): Illuminate\\Cookie\\Middleware\\AddQueuedCookiesToResponse->handle()
#11 D:\\laravel\\School Managment System\\vendor\\laravel\\framework\\src\\Illuminate\\Pipeline\\Pipeline.php(127): Illuminate\\Pipeline\\Pipeline->Illuminate\\Pipeline\\{closure}()
#12 D:\\laravel\\School Managment System\\vendor\\laravel\\framework\\src\\Illuminate\\Routing\\Router.php(807): Illuminate\\Pipeline\\Pipeline->then()
#13 D:\\laravel\\School Managment System\\vendor\\laravel\\framework\\src\\Illuminate\\Routing\\Router.php(786): Illuminate\\Routing\\Router->runRouteWithinStack()
#14 D:\\laravel\\School Managment System\\vendor\\laravel\\framework\\src\\Illuminate\\Routing\\Router.php(750): Illuminate\\Routing\\Router->runRoute()
#15 D:\\laravel\\School Managment System\\vendor\\laravel\\framework\\src\\Illuminate\\Routing\\Router.php(739): Illuminate\\Routing\\Router->dispatchToRoute()
#16 D:\\laravel\\School Managment System\\vendor\\laravel\\framework\\src\\Illuminate\\Foundation\\Http\\Kernel.php(201): Illuminate\\Routing\\Router->dispatch()
#17 D:\\laravel\\School Managment System\\vendor\\laravel\\framework\\src\\Illuminate\\Pipeline\\Pipeline.php(170): Illuminate\\Foundation\\Http\\Kernel->Illuminate\\Foundation\\Http\\{closure}()
#18 D:\\laravel\\School Managment System\\vendor\\laravel\\framework\\src\\Illuminate\\Foundation\\Http\\Middleware\\TransformsRequest.php(21): Illuminate\\Pipeline\\Pipeline->Illuminate\\Pipeline\\{closure}()
#19 D:\\laravel\\School Managment System\\vendor\\laravel\\framework\\src\\Illuminate\\Foundation\\Http\\Middleware\\ConvertEmptyStringsToNull.php(31): Illuminate\\Foundation\\Http\\Middleware\\TransformsRequest->handle()
#20 D:\\laravel\\School Managment System\\vendor\\laravel\\framework\\src\\Illuminate\\Pipeline\\Pipeline.php(209): Illuminate\\Foundation\\Http\\Middleware\\ConvertEmptyStringsToNull->handle()
#21 D:\\laravel\\School Managment System\\vendor\\laravel\\framework\\src\\Illuminate\\Foundation\\Http\\Middleware\\TransformsRequest.php(21): Illuminate\\Pipeline\\Pipeline->Illuminate\\Pipeline\\{closure}()
#22 D:\\laravel\\School Managment System\\vendor\\laravel\\framework\\src\\Illuminate\\Foundation\\Http\\Middleware\\TrimStrings.php(51): Illuminate\\Foundation\\Http\\Middleware\\TransformsRequest->handle()
#23 D:\\laravel\\School Managment System\\vendor\\laravel\\framework\\src\\Illuminate\\Pipeline\\Pipeline.php(209): Illuminate\\Foundation\\Http\\Middleware\\TrimStrings->handle()
#24 D:\\laravel\\School Managment System\\vendor\\laravel\\framework\\src\\Illuminate\\Http\\Middleware\\ValidatePostSize.php(27): Illuminate\\Pipeline\\Pipeline->Illuminate\\Pipeline\\{closure}()
#25 D:\\laravel\\School Managment System\\vendor\\laravel\\framework\\src\\Illuminate\\Pipeline\\Pipeline.php(209): Illuminate\\Http\\Middleware\\ValidatePostSize->handle()
#26 D:\\laravel\\School Managment System\\vendor\\laravel\\framework\\src\\Illuminate\\Foundation\\Http\\Middleware\\PreventRequestsDuringMaintenance.php(110): Illuminate\\Pipeline\\Pipeline->Illuminate\\Pipeline\\{closure}()
#27 D:\\laravel\\School Managment System\\vendor\\laravel\\framework\\src\\Illuminate\\Pipeline\\Pipeline.php(209): Illuminate\\Foundation\\Http\\Middleware\\PreventRequestsDuringMaintenance->handle()
#28 D:\\laravel\\School Managment System\\vendor\\laravel\\framework\\src\\Illuminate\\Http\\Middleware\\HandleCors.php(62): Illuminate\\Pipeline\\Pipeline->Illuminate\\Pipeline\\{closure}()
#29 D:\\laravel\\School Managment System\\vendor\\laravel\\framework\\src\\Illuminate\\Pipeline\\Pipeline.php(209): Illuminate\\Http\\Middleware\\HandleCors->handle()
#30 D:\\laravel\\School Managment System\\vendor\\laravel\\framework\\src\\Illuminate\\Http\\Middleware\\TrustProxies.php(58): Illuminate\\Pipeline\\Pipeline->Illuminate\\Pipeline\\{closure}()
#31 D:\\laravel\\School Managment System\\vendor\\laravel\\framework\\src\\Illuminate\\Pipeline\\Pipeline.php(209): Illuminate\\Http\\Middleware\\TrustProxies->handle()
#32 D:\\laravel\\School Managment System\\vendor\\laravel\\framework\\src\\Illuminate\\Foundation\\Http\\Middleware\\InvokeDeferredCallbacks.php(22): Illuminate\\Pipeline\\Pipeline->Illuminate\\Pipeline\\{closure}()
#33 D:\\laravel\\School Managment System\\vendor\\laravel\\framework\\src\\Illuminate\\Pipeline\\Pipeline.php(209): Illuminate\\Foundation\\Http\\Middleware\\InvokeDeferredCallbacks->handle()
#34 D:\\laravel\\School Managment System\\vendor\\laravel\\framework\\src\\Illuminate\\Pipeline\\Pipeline.php(127): Illuminate\\Pipeline\\Pipeline->Illuminate\\Pipeline\\{closure}()
#35 D:\\laravel\\School Managment System\\vendor\\laravel\\framework\\src\\Illuminate\\Foundation\\Http\\Kernel.php(176): Illuminate\\Pipeline\\Pipeline->then()
#36 D:\\laravel\\School Managment System\\vendor\\laravel\\framework\\src\\Illuminate\\Foundation\\Http\\Kernel.php(145): Illuminate\\Foundation\\Http\\Kernel->sendRequestThroughRouter()
#37 D:\\laravel\\School Managment System\\vendor\\laravel\\framework\\src\\Illuminate\\Foundation\\Application.php(1220): Illuminate\\Foundation\\Http\\Kernel->handle()
#38 D:\\laravel\\School Managment System\\public\\index.php(17): Illuminate\\Foundation\\Application->handleRequest()
#39 D:\\laravel\\School Managment System\\vendor\\laravel\\framework\\src\\Illuminate\\Foundation\\resources\\server.php(23): require_once('...')
#40 {main}
"} 
